<?xml version="1.0" encoding="UTF-8"?>
<config xmlns="http://www.knime.org/2008/09/XMLConfig" xmlns:xsi="http://www.w3.org/2001/XMLSchema-instance" xsi:schemaLocation="http://www.knime.org/2008/09/XMLConfig http://www.knime.org/XMLConfig_2008_09.xsd" key="model.xml">
<entry key="version" type="xint" value="1"/>
<entry key="class_name" type="xstring" value="org.knime.base.data.normalize.NormalizerPortObject"/>
<config key="model">
<config key="columns">
<config key="GDP/population">
<entry key="column_name" type="xstring" value="GDP/population"/>
<entry key="column_scale" type="xdouble" value="9.81096560603127E-6"/>
<entry key="column_translate" type="xdouble" value="-0.011770583109642295"/>
<entry key="column_min" type="xdouble" value="0.0"/>
<entry key="column_max" type="xdouble" value="1.0"/>
</config>
<config key="Agriculture, value added (% of GDP)">
<entry key="column_name" type="xstring" value="Agriculture, value added (% of GDP)"/>
<entry key="column_scale" type="xdouble" value="0.04753052401932302"/>
<entry key="column_translate" type="xdouble" value="-0.01856257629275141"/>
<entry key="column_min" type="xdouble" value="0.0"/>
<entry key="column_max" type="xdouble" value="1.0"/>
</config>
<config key="GDP (current US$)">
<entry key="column_name" type="xstring" value="GDP (current US$)"/>
<entry key="column_scale" type="xdouble" value="3.0155451351718107E-13"/>
<entry key="column_translate" type="xdouble" value="-0.001160984877041147"/>
<entry key="column_min" type="xdouble" value="0.0"/>
<entry key="column_max" type="xdouble" value="1.0"/>
</config>
<config key="Industry, value added (% of GDP)">
<entry key="column_name" type="xstring" value="Industry, value added (% of GDP)"/>
<entry key="column_scale" type="xdouble" value="0.03387073077115298"/>
<entry key="column_translate" type="xdouble" value="-0.48722342368663385"/>
<entry key="column_min" type="xdouble" value="0.0"/>
<entry key="column_max" type="xdouble" value="1.0"/>
</config>
<config key="Services, etc., value added (% of GDP)">
<entry key="column_name" type="xstring" value="Services, etc., value added (% of GDP)"/>
<entry key="column_scale" type="xdouble" value="0.02023655063099662"/>
<entry key="column_translate" type="xdouble" value="-0.7246533026962864"/>
<entry key="column_min" type="xdouble" value="0.0"/>
<entry key="column_max" type="xdouble" value="1.0"/>
</config>
</config>
<entry key="summary" type="xstring" value="Min/Max (0.0, 1) normalization on 5 column(s)"/>
</config>
</config>
