<?xml version="1.0" encoding="UTF-8"?>
<config xmlns="http://www.knime.org/2008/09/XMLConfig" xmlns:xsi="http://www.w3.org/2001/XMLSchema-instance" xsi:schemaLocation="http://www.knime.org/2008/09/XMLConfig http://www.knime.org/XMLConfig_2008_09.xsd" key="MiningSchema">
<config key="learning">
<entry key="array-size" type="xint" value="4"/>
<entry key="0" type="xstring" value="Agriculture, value added (% of GDP)"/>
<entry key="1" type="xstring" value="GNI per capita, Atlas method (current US$)"/>
<entry key="2" type="xstring" value="Industry, value added (% of GDP)"/>
<entry key="3" type="xstring" value="Services, etc., value added (% of GDP)"/>
</config>
<config key="target">
<entry key="array-size" type="xint" value="0"/>
</config>
</config>
