<?xml version="1.0" encoding="UTF-8"?>
<config xmlns="http://www.knime.org/2008/09/XMLConfig" xmlns:xsi="http://www.w3.org/2001/XMLSchema-instance" xsi:schemaLocation="http://www.knime.org/2008/09/XMLConfig http://www.knime.org/XMLConfig_2008_09.xsd" key="MiningSchema">
<config key="learning">
<entry key="array-size" type="xint" value="4"/>
<entry key="0" type="xstring" value="Immunization, measles (% of children ages 12-23 months)"/>
<entry key="1" type="xstring" value="Life expectancy at birth, total (years)"/>
<entry key="2" type="xstring" value="Mortality rate, under-5 (per 1,000)"/>
<entry key="3" type="xstring" value="Prevalence of HIV, total (% of population ages 15-49)"/>
</config>
<config key="target">
<entry key="array-size" type="xint" value="0"/>
</config>
</config>
