<?xml version="1.0" encoding="UTF-8"?>
<config xmlns="http://www.knime.org/2008/09/XMLConfig" xmlns:xsi="http://www.w3.org/2001/XMLSchema-instance" xsi:schemaLocation="http://www.knime.org/2008/09/XMLConfig http://www.knime.org/XMLConfig_2008_09.xsd" key="MiningSchema">
<config key="learning">
<entry key="array-size" type="xint" value="3"/>
<entry key="0" type="xstring" value="GDP/population"/>
<entry key="1" type="xstring" value="Internet users (per 100 people)"/>
<entry key="2" type="xstring" value="Mobile cellular subscriptions (per 100 people)"/>
</config>
<config key="target">
<entry key="array-size" type="xint" value="1"/>
<entry key="0" type="xstring" value="Membre de l'UE"/>
</config>
</config>
