<?xml version="1.0" encoding="UTF-8"?>
<config xmlns="http://www.knime.org/2008/09/XMLConfig" xmlns:xsi="http://www.w3.org/2001/XMLSchema-instance" xsi:schemaLocation="http://www.knime.org/2008/09/XMLConfig http://www.knime.org/XMLConfig_2008_09.xsd" key="MiningSchema">
<config key="learning">
<entry key="array-size" type="xint" value="7"/>
<entry key="0" type="xstring" value="GDP (current US$)"/>
<entry key="1" type="xstring" value="GNI per capita, Atlas method (current US$)"/>
<entry key="2" type="xstring" value="Internet users (per 100 people)"/>
<entry key="3" type="xstring" value="Life expectancy at birth, total (years)"/>
<entry key="4" type="xstring" value="Mobile cellular subscriptions (per 100 people)"/>
<entry key="5" type="xstring" value="Mortality rate, under-5 (per 1,000)"/>
<entry key="6" type="xstring" value="Prevalence of HIV, total (% of population ages 15-49)"/>
</config>
<config key="target">
<entry key="array-size" type="xint" value="1"/>
<entry key="0" type="xstring" value="Membre de l'UE"/>
</config>
</config>
