<?xml version="1.0" encoding="UTF-8"?>
<config xmlns="http://www.knime.org/2008/09/XMLConfig" xmlns:xsi="http://www.w3.org/2001/XMLSchema-instance" xsi:schemaLocation="http://www.knime.org/2008/09/XMLConfig http://www.knime.org/XMLConfig_2008_09.xsd" key="model.xml">
<entry key="version" type="xint" value="1"/>
<entry key="class_name" type="xstring" value="org.knime.base.data.normalize.NormalizerPortObject"/>
<config key="model">
<config key="columns">
<config key="Immunization, measles (% of children ages 12-23 months)">
<entry key="column_name" type="xstring" value="Immunization, measles (% of children ages 12-23 months)"/>
<entry key="column_scale" type="xdouble" value="0.05"/>
<entry key="column_translate" type="xdouble" value="-3.95"/>
<entry key="column_min" type="xdouble" value="0.0"/>
<entry key="column_max" type="xdouble" value="1.0"/>
</config>
<config key="Life expectancy at birth, total (years)">
<entry key="column_name" type="xstring" value="Life expectancy at birth, total (years)"/>
<entry key="column_scale" type="xdouble" value="0.07404865538478189"/>
<entry key="column_translate" type="xdouble" value="-5.0513825425779615"/>
<entry key="column_min" type="xdouble" value="0.0"/>
<entry key="column_max" type="xdouble" value="1.0"/>
</config>
<config key="Mortality rate, under-5 (per 1,000)">
<entry key="column_name" type="xstring" value="Mortality rate, under-5 (per 1,000)"/>
<entry key="column_scale" type="xdouble" value="0.04587155963302752"/>
<entry key="column_translate" type="xdouble" value="-0.1146788990825688"/>
<entry key="column_min" type="xdouble" value="0.0"/>
<entry key="column_max" type="xdouble" value="1.0"/>
</config>
<config key="Prevalence of HIV, total (% of population ages 15-49)">
<entry key="column_name" type="xstring" value="Prevalence of HIV, total (% of population ages 15-49)"/>
<entry key="column_scale" type="xdouble" value="0.6666666666666666"/>
<entry key="column_translate" type="xdouble" value="-0.06666666666666667"/>
<entry key="column_min" type="xdouble" value="0.0"/>
<entry key="column_max" type="xdouble" value="1.0"/>
</config>
</config>
<entry key="summary" type="xstring" value="Min/Max (0.0, 1) normalization on 4 column(s)"/>
</config>
</config>
