<?xml version="1.0" encoding="UTF-8"?>
<config xmlns="http://www.knime.org/2008/09/XMLConfig" xmlns:xsi="http://www.w3.org/2001/XMLSchema-instance" xsi:schemaLocation="http://www.knime.org/2008/09/XMLConfig http://www.knime.org/XMLConfig_2008_09.xsd" key="model.xml">
<entry key="version" type="xint" value="1"/>
<entry key="class_name" type="xstring" value="org.knime.base.data.normalize.NormalizerPortObject"/>
<config key="model">
<config key="columns">
<config key="GDP (current US$)">
<entry key="column_name" type="xstring" value="GDP (current US$)"/>
<entry key="column_scale" type="xdouble" value="7.27219125650098E-14"/>
<entry key="column_translate" type="xdouble" value="-2.7777178536284764E-5"/>
<entry key="column_min" type="xdouble" value="0.0"/>
<entry key="column_max" type="xdouble" value="1.0"/>
</config>
<config key="GNI per capita, Atlas method (current US$)">
<entry key="column_name" type="xstring" value="GNI per capita, Atlas method (current US$)"/>
<entry key="column_scale" type="xdouble" value="1.2667848999239928E-5"/>
<entry key="column_translate" type="xdouble" value="-0.0015201418799087915"/>
<entry key="column_min" type="xdouble" value="0.0"/>
<entry key="column_max" type="xdouble" value="1.0"/>
</config>
<config key="Internet users (per 100 people)">
<entry key="column_name" type="xstring" value="Internet users (per 100 people)"/>
<entry key="column_scale" type="xdouble" value="0.011825839148448066"/>
<entry key="column_translate" type="xdouble" value="-0.0028362465672242825"/>
<entry key="column_min" type="xdouble" value="0.0"/>
<entry key="column_max" type="xdouble" value="1.0"/>
</config>
<config key="Life expectancy at birth, total (years)">
<entry key="column_name" type="xstring" value="Life expectancy at birth, total (years)"/>
<entry key="column_scale" type="xdouble" value="0.025220525817206504"/>
<entry key="column_translate" type="xdouble" value="-1.0610644292164384"/>
<entry key="column_min" type="xdouble" value="0.0"/>
<entry key="column_max" type="xdouble" value="1.0"/>
</config>
<config key="Mobile cellular subscriptions (per 100 people)">
<entry key="column_name" type="xstring" value="Mobile cellular subscriptions (per 100 people)"/>
<entry key="column_scale" type="xdouble" value="0.006679673163791462"/>
<entry key="column_translate" type="xdouble" value="-0.010264169215165474"/>
<entry key="column_min" type="xdouble" value="0.0"/>
<entry key="column_max" type="xdouble" value="1.0"/>
</config>
<config key="Mortality rate, under-5 (per 1,000)">
<entry key="column_name" type="xstring" value="Mortality rate, under-5 (per 1,000)"/>
<entry key="column_scale" type="xdouble" value="0.0038565368299267257"/>
<entry key="column_translate" type="xdouble" value="-0.009641342074816815"/>
<entry key="column_min" type="xdouble" value="0.0"/>
<entry key="column_max" type="xdouble" value="1.0"/>
</config>
<config key="Prevalence of HIV, total (% of population ages 15-49)">
<entry key="column_name" type="xstring" value="Prevalence of HIV, total (% of population ages 15-49)"/>
<entry key="column_scale" type="xdouble" value="0.038461538461538464"/>
<entry key="column_translate" type="xdouble" value="-0.0038461538461538464"/>
<entry key="column_min" type="xdouble" value="0.0"/>
<entry key="column_max" type="xdouble" value="1.0"/>
</config>
</config>
<entry key="summary" type="xstring" value="Min/Max (0.0, 1) normalization on 7 column(s)"/>
</config>
</config>
