<?xml version="1.0" encoding="UTF-8"?>
<config xmlns="http://www.knime.org/2008/09/XMLConfig" xmlns:xsi="http://www.w3.org/2001/XMLSchema-instance" xsi:schemaLocation="http://www.knime.org/2008/09/XMLConfig http://www.knime.org/XMLConfig_2008_09.xsd" key="model.xml">
<entry key="version" type="xint" value="1"/>
<entry key="class_name" type="xstring" value="org.knime.base.data.normalize.NormalizerPortObject"/>
<config key="model">
<config key="columns">
<config key="GDP/population">
<entry key="column_name" type="xstring" value="GDP/population"/>
<entry key="column_scale" type="xdouble" value="9.71652625334686E-6"/>
<entry key="column_translate" type="xdouble" value="-0.0012146121167611918"/>
<entry key="column_min" type="xdouble" value="0.0"/>
<entry key="column_max" type="xdouble" value="1.0"/>
</config>
<config key="Internet users (per 100 people)">
<entry key="column_name" type="xstring" value="Internet users (per 100 people)"/>
<entry key="column_scale" type="xdouble" value="0.011825839148448118"/>
<entry key="column_translate" type="xdouble" value="-0.002836246566677551"/>
<entry key="column_min" type="xdouble" value="0.0"/>
<entry key="column_max" type="xdouble" value="1.0"/>
</config>
<config key="Mobile cellular subscriptions (per 100 people)">
<entry key="column_name" type="xstring" value="Mobile cellular subscriptions (per 100 people)"/>
<entry key="column_scale" type="xdouble" value="0.006474629718583777"/>
<entry key="column_translate" type="xdouble" value="-0.005107947330691112"/>
<entry key="column_min" type="xdouble" value="0.0"/>
<entry key="column_max" type="xdouble" value="1.0"/>
</config>
</config>
<entry key="summary" type="xstring" value="Min/Max (0.0, 1) normalization on 3 column(s)"/>
</config>
</config>
