<?xml version="1.0" encoding="UTF-8"?>
<config xmlns="http://www.knime.org/2008/09/XMLConfig" xmlns:xsi="http://www.w3.org/2001/XMLSchema-instance" xsi:schemaLocation="http://www.knime.org/2008/09/XMLConfig http://www.knime.org/XMLConfig_2008_09.xsd" key="DataTableSpec">
<entry key="spec_name" type="xstring" value="default"/>
<entry key="number_columns" type="xint" value="43"/>
<config key="column_spec_0">
<entry key="column_name" type="xstring" value="Adolescent fertility rate (births per 1,000 women ages 15-19)"/>
<config key="element_names">
<entry key="array-size" type="xint" value="0"/>
</config>
<config key="column_type">
<entry key="cell_class" type="xstring" value="org.knime.core.data.def.DoubleCell"/>
</config>
<config key="column_domain">
<config key="lower_bound">
<entry key="datacell" type="xstring" value="org.knime.core.data.def.DoubleCell"/>
<config key="org.knime.core.data.def.DoubleCell">
<entry key="DoubleCell" type="xdouble" value="3.787"/>
</config>
</config>
<config key="upper_bound">
<entry key="datacell" type="xstring" value="org.knime.core.data.def.DoubleCell"/>
<config key="org.knime.core.data.def.DoubleCell">
<entry key="DoubleCell" type="xdouble" value="42.228"/>
</config>
</config>
</config>
<config key="column_properties"/>
</config>
<config key="column_spec_1">
<entry key="column_name" type="xstring" value="Agriculture, value added (% of GDP)"/>
<config key="element_names">
<entry key="array-size" type="xint" value="0"/>
</config>
<config key="column_type">
<entry key="cell_class" type="xstring" value="org.knime.core.data.def.DoubleCell"/>
</config>
<config key="column_domain">
<config key="lower_bound">
<entry key="datacell" type="xstring" value="org.knime.core.data.def.DoubleCell"/>
<config key="org.knime.core.data.def.DoubleCell">
<entry key="DoubleCell" type="xdouble" value="0.3905401145"/>
</config>
</config>
<config key="upper_bound">
<entry key="datacell" type="xstring" value="org.knime.core.data.def.DoubleCell"/>
<config key="org.knime.core.data.def.DoubleCell">
<entry key="DoubleCell" type="xdouble" value="21.4296517303"/>
</config>
</config>
</config>
<config key="column_properties"/>
</config>
<config key="column_spec_2">
<entry key="column_name" type="xstring" value="Births attended by skilled health staff (% of total)"/>
<config key="element_names">
<entry key="array-size" type="xint" value="0"/>
</config>
<config key="column_type">
<entry key="cell_class" type="xstring" value="org.knime.core.data.def.DoubleCell"/>
</config>
<config key="column_domain">
<config key="lower_bound">
<entry key="datacell" type="xstring" value="org.knime.core.data.def.DoubleCell"/>
<config key="org.knime.core.data.def.DoubleCell">
<entry key="DoubleCell" type="xdouble" value="98.7"/>
</config>
</config>
<config key="upper_bound">
<entry key="datacell" type="xstring" value="org.knime.core.data.def.DoubleCell"/>
<config key="org.knime.core.data.def.DoubleCell">
<entry key="DoubleCell" type="xdouble" value="99.9"/>
</config>
</config>
</config>
<config key="column_properties"/>
</config>
<config key="column_spec_3">
<entry key="column_name" type="xstring" value="Cash surplus/deficit (% of GDP)"/>
<config key="element_names">
<entry key="array-size" type="xint" value="0"/>
</config>
<config key="column_type">
<entry key="cell_class" type="xstring" value="org.knime.core.data.def.DoubleCell"/>
</config>
<config key="column_domain">
<config key="lower_bound">
<entry key="datacell" type="xstring" value="org.knime.core.data.def.DoubleCell"/>
<config key="org.knime.core.data.def.DoubleCell">
<entry key="DoubleCell" type="xdouble" value="-4.9266456575"/>
</config>
</config>
<config key="upper_bound">
<entry key="datacell" type="xstring" value="org.knime.core.data.def.DoubleCell"/>
<config key="org.knime.core.data.def.DoubleCell">
<entry key="DoubleCell" type="xdouble" value="18.045404055"/>
</config>
</config>
</config>
<config key="column_properties"/>
</config>
<config key="column_spec_4">
<entry key="column_name" type="xstring" value="Contraceptive prevalence (% of women ages 15-49)"/>
<config key="element_names">
<entry key="array-size" type="xint" value="0"/>
</config>
<config key="column_type">
<entry key="cell_class" type="xstring" value="org.knime.core.data.def.DoubleCell"/>
</config>
<config key="column_domain">
<config key="lower_bound">
<entry key="datacell" type="xstring" value="org.knime.core.data.def.DoubleCell"/>
<config key="org.knime.core.data.def.DoubleCell">
<entry key="DoubleCell" type="xdouble" value="66.7"/>
</config>
</config>
<config key="upper_bound">
<entry key="datacell" type="xstring" value="org.knime.core.data.def.DoubleCell"/>
<config key="org.knime.core.data.def.DoubleCell">
<entry key="DoubleCell" type="xdouble" value="66.7"/>
</config>
</config>
</config>
<config key="column_properties"/>
</config>
<config key="column_spec_5">
<entry key="column_name" type="xstring" value="Exports of goods and services (% of GDP)"/>
<config key="element_names">
<entry key="array-size" type="xint" value="0"/>
</config>
<config key="column_type">
<entry key="cell_class" type="xstring" value="org.knime.core.data.def.DoubleCell"/>
</config>
<config key="column_domain">
<config key="lower_bound">
<entry key="datacell" type="xstring" value="org.knime.core.data.def.DoubleCell"/>
<config key="org.knime.core.data.def.DoubleCell">
<entry key="DoubleCell" type="xdouble" value="19.1894053167"/>
</config>
</config>
<config key="upper_bound">
<entry key="datacell" type="xstring" value="org.knime.core.data.def.DoubleCell"/>
<config key="org.knime.core.data.def.DoubleCell">
<entry key="DoubleCell" type="xdouble" value="172.5000830169"/>
</config>
</config>
</config>
<config key="column_properties"/>
</config>
<config key="column_spec_6">
<entry key="column_name" type="xstring" value="External debt stocks, total (DOD, current US$)"/>
<config key="element_names">
<entry key="array-size" type="xint" value="0"/>
</config>
<config key="column_type">
<entry key="cell_class" type="xstring" value="org.knime.core.data.def.DoubleCell"/>
</config>
<config key="column_domain">
<config key="lower_bound">
<entry key="datacell" type="xstring" value="org.knime.core.data.def.DoubleCell"/>
<config key="org.knime.core.data.def.DoubleCell">
<entry key="DoubleCell" type="xdouble" value="1.17E9"/>
</config>
</config>
<config key="upper_bound">
<entry key="datacell" type="xstring" value="org.knime.core.data.def.DoubleCell"/>
<config key="org.knime.core.data.def.DoubleCell">
<entry key="DoubleCell" type="xdouble" value="2.51E11"/>
</config>
</config>
</config>
<config key="column_properties"/>
</config>
<config key="column_spec_7">
<entry key="column_name" type="xstring" value="Fertility rate, total (births per woman)"/>
<config key="element_names">
<entry key="array-size" type="xint" value="0"/>
</config>
<config key="column_type">
<entry key="cell_class" type="xstring" value="org.knime.core.data.def.DoubleCell"/>
</config>
<config key="column_domain">
<config key="lower_bound">
<entry key="datacell" type="xstring" value="org.knime.core.data.def.DoubleCell"/>
<config key="org.knime.core.data.def.DoubleCell">
<entry key="DoubleCell" type="xdouble" value="1.2"/>
</config>
</config>
<config key="upper_bound">
<entry key="datacell" type="xstring" value="org.knime.core.data.def.DoubleCell"/>
<config key="org.knime.core.data.def.DoubleCell">
<entry key="DoubleCell" type="xdouble" value="2.451"/>
</config>
</config>
</config>
<config key="column_properties"/>
</config>
<config key="column_spec_8">
<entry key="column_name" type="xstring" value="Foreign direct investment, net inflows (BoP, current US$)"/>
<config key="element_names">
<entry key="array-size" type="xint" value="0"/>
</config>
<config key="column_type">
<entry key="cell_class" type="xstring" value="org.knime.core.data.def.DoubleCell"/>
</config>
<config key="column_domain">
<config key="lower_bound">
<entry key="datacell" type="xstring" value="org.knime.core.data.def.DoubleCell"/>
<config key="org.knime.core.data.def.DoubleCell">
<entry key="DoubleCell" type="xdouble" value="3.2E8"/>
</config>
</config>
<config key="upper_bound">
<entry key="datacell" type="xstring" value="org.knime.core.data.def.DoubleCell"/>
<config key="org.knime.core.data.def.DoubleCell">
<entry key="DoubleCell" type="xdouble" value="1.98E11"/>
</config>
</config>
</config>
<config key="column_properties"/>
</config>
<config key="column_spec_9">
<entry key="column_name" type="xstring" value="GDP (current US$)"/>
<config key="element_names">
<entry key="array-size" type="xint" value="0"/>
</config>
<config key="column_type">
<entry key="cell_class" type="xstring" value="org.knime.core.data.def.DoubleCell"/>
</config>
<config key="column_domain">
<config key="lower_bound">
<entry key="datacell" type="xstring" value="org.knime.core.data.def.DoubleCell"/>
<config key="org.knime.core.data.def.DoubleCell">
<entry key="DoubleCell" type="xdouble" value="0.0"/>
</config>
</config>
<config key="upper_bound">
<entry key="datacell" type="xstring" value="org.knime.core.data.def.DoubleCell"/>
<config key="org.knime.core.data.def.DoubleCell">
<entry key="DoubleCell" type="xdouble" value="1.0"/>
</config>
</config>
</config>
<config key="column_properties"/>
</config>
<config key="column_spec_10">
<entry key="column_name" type="xstring" value="GDP growth (annual %)"/>
<config key="element_names">
<entry key="array-size" type="xint" value="0"/>
</config>
<config key="column_type">
<entry key="cell_class" type="xstring" value="org.knime.core.data.def.DoubleCell"/>
</config>
<config key="column_domain">
<config key="lower_bound">
<entry key="datacell" type="xstring" value="org.knime.core.data.def.DoubleCell"/>
<config key="org.knime.core.data.def.DoubleCell">
<entry key="DoubleCell" type="xdouble" value="0.0"/>
</config>
</config>
<config key="upper_bound">
<entry key="datacell" type="xstring" value="org.knime.core.data.def.DoubleCell"/>
<config key="org.knime.core.data.def.DoubleCell">
<entry key="DoubleCell" type="xdouble" value="1.0"/>
</config>
</config>
</config>
<config key="column_properties"/>
</config>
<config key="column_spec_11">
<entry key="column_name" type="xstring" value="GNI per capita, Atlas method (current US$)"/>
<config key="element_names">
<entry key="array-size" type="xint" value="0"/>
</config>
<config key="column_type">
<entry key="cell_class" type="xstring" value="org.knime.core.data.def.IntCell"/>
</config>
<config key="column_domain">
<config key="lower_bound">
<entry key="datacell" type="xstring" value="org.knime.core.data.def.IntCell"/>
<config key="org.knime.core.data.def.IntCell">
<entry key="IntCell" type="xint" value="1130"/>
</config>
</config>
<config key="upper_bound">
<entry key="datacell" type="xstring" value="org.knime.core.data.def.IntCell"/>
<config key="org.knime.core.data.def.IntCell">
<entry key="IntCell" type="xint" value="79060"/>
</config>
</config>
</config>
<config key="column_properties"/>
</config>
<config key="column_spec_12">
<entry key="column_name" type="xstring" value="GNI per capita, PPP (current international $)"/>
<config key="element_names">
<entry key="array-size" type="xint" value="0"/>
</config>
<config key="column_type">
<entry key="cell_class" type="xstring" value="org.knime.core.data.def.IntCell"/>
</config>
<config key="column_domain">
<config key="lower_bound">
<entry key="datacell" type="xstring" value="org.knime.core.data.def.IntCell"/>
<config key="org.knime.core.data.def.IntCell">
<entry key="IntCell" type="xint" value="2900"/>
</config>
</config>
<config key="upper_bound">
<entry key="datacell" type="xstring" value="org.knime.core.data.def.IntCell"/>
<config key="org.knime.core.data.def.IntCell">
<entry key="IntCell" type="xint" value="65050"/>
</config>
</config>
</config>
<config key="column_properties"/>
</config>
<config key="column_spec_13">
<entry key="column_name" type="xstring" value="GNI, Atlas method (current US$)"/>
<config key="element_names">
<entry key="array-size" type="xint" value="0"/>
</config>
<config key="column_type">
<entry key="cell_class" type="xstring" value="org.knime.core.data.def.DoubleCell"/>
</config>
<config key="column_domain">
<config key="lower_bound">
<entry key="datacell" type="xstring" value="org.knime.core.data.def.DoubleCell"/>
<config key="org.knime.core.data.def.DoubleCell">
<entry key="DoubleCell" type="xdouble" value="3.25E9"/>
</config>
</config>
<config key="upper_bound">
<entry key="datacell" type="xstring" value="org.knime.core.data.def.DoubleCell"/>
<config key="org.knime.core.data.def.DoubleCell">
<entry key="DoubleCell" type="xdouble" value="3.21E12"/>
</config>
</config>
</config>
<config key="column_properties"/>
</config>
<config key="column_spec_14">
<entry key="column_name" type="xstring" value="GNI, PPP (current international $)"/>
<config key="element_names">
<entry key="array-size" type="xint" value="0"/>
</config>
<config key="column_type">
<entry key="cell_class" type="xstring" value="org.knime.core.data.def.DoubleCell"/>
</config>
<config key="column_domain">
<config key="lower_bound">
<entry key="datacell" type="xstring" value="org.knime.core.data.def.DoubleCell"/>
<config key="org.knime.core.data.def.DoubleCell">
<entry key="DoubleCell" type="xdouble" value="7.8E9"/>
</config>
</config>
<config key="upper_bound">
<entry key="datacell" type="xstring" value="org.knime.core.data.def.DoubleCell"/>
<config key="org.knime.core.data.def.DoubleCell">
<entry key="DoubleCell" type="xdouble" value="2.86E12"/>
</config>
</config>
</config>
<config key="column_properties"/>
</config>
<config key="column_spec_15">
<entry key="column_name" type="xstring" value="Gross capital formation (% of GDP)"/>
<config key="element_names">
<entry key="array-size" type="xint" value="0"/>
</config>
<config key="column_type">
<entry key="cell_class" type="xstring" value="org.knime.core.data.def.DoubleCell"/>
</config>
<config key="column_domain">
<config key="lower_bound">
<entry key="datacell" type="xstring" value="org.knime.core.data.def.DoubleCell"/>
<config key="org.knime.core.data.def.DoubleCell">
<entry key="DoubleCell" type="xdouble" value="18.3166927964"/>
</config>
</config>
<config key="upper_bound">
<entry key="datacell" type="xstring" value="org.knime.core.data.def.DoubleCell"/>
<config key="org.knime.core.data.def.DoubleCell">
<entry key="DoubleCell" type="xdouble" value="38.1212138125"/>
</config>
</config>
</config>
<config key="column_properties"/>
</config>
<config key="column_spec_16">
<entry key="column_name" type="xstring" value="High-technology exports (% of manufactured exports)"/>
<config key="element_names">
<entry key="array-size" type="xint" value="0"/>
</config>
<config key="column_type">
<entry key="cell_class" type="xstring" value="org.knime.core.data.def.DoubleCell"/>
</config>
<config key="column_domain">
<config key="lower_bound">
<entry key="datacell" type="xstring" value="org.knime.core.data.def.DoubleCell"/>
<config key="org.knime.core.data.def.DoubleCell">
<entry key="DoubleCell" type="xdouble" value="0.3774335904"/>
</config>
</config>
<config key="upper_bound">
<entry key="datacell" type="xstring" value="org.knime.core.data.def.DoubleCell"/>
<config key="org.knime.core.data.def.DoubleCell">
<entry key="DoubleCell" type="xdouble" value="57.1229965428"/>
</config>
</config>
</config>
<config key="column_properties"/>
</config>
<config key="column_spec_17">
<entry key="column_name" type="xstring" value="Immunization, measles (% of children ages 12-23 months)"/>
<config key="element_names">
<entry key="array-size" type="xint" value="0"/>
</config>
<config key="column_type">
<entry key="cell_class" type="xstring" value="org.knime.core.data.def.IntCell"/>
</config>
<config key="column_domain">
<config key="lower_bound">
<entry key="datacell" type="xstring" value="org.knime.core.data.def.IntCell"/>
<config key="org.knime.core.data.def.IntCell">
<entry key="IntCell" type="xint" value="79"/>
</config>
</config>
<config key="upper_bound">
<entry key="datacell" type="xstring" value="org.knime.core.data.def.IntCell"/>
<config key="org.knime.core.data.def.IntCell">
<entry key="IntCell" type="xint" value="99"/>
</config>
</config>
</config>
<config key="column_properties"/>
</config>
<config key="column_spec_18">
<entry key="column_name" type="xstring" value="Imports of goods and services (% of GDP)"/>
<config key="element_names">
<entry key="array-size" type="xint" value="0"/>
</config>
<config key="column_type">
<entry key="cell_class" type="xstring" value="org.knime.core.data.def.DoubleCell"/>
</config>
<config key="column_domain">
<config key="lower_bound">
<entry key="datacell" type="xstring" value="org.knime.core.data.def.DoubleCell"/>
<config key="org.knime.core.data.def.DoubleCell">
<entry key="DoubleCell" type="xdouble" value="27.1471702464"/>
</config>
</config>
<config key="upper_bound">
<entry key="datacell" type="xstring" value="org.knime.core.data.def.DoubleCell"/>
<config key="org.knime.core.data.def.DoubleCell">
<entry key="DoubleCell" type="xdouble" value="141.9429286165"/>
</config>
</config>
</config>
<config key="column_properties"/>
</config>
<config key="column_spec_19">
<entry key="column_name" type="xstring" value="Industry, value added (% of GDP)"/>
<config key="element_names">
<entry key="array-size" type="xint" value="0"/>
</config>
<config key="column_type">
<entry key="cell_class" type="xstring" value="org.knime.core.data.def.DoubleCell"/>
</config>
<config key="column_domain">
<config key="lower_bound">
<entry key="datacell" type="xstring" value="org.knime.core.data.def.DoubleCell"/>
<config key="org.knime.core.data.def.DoubleCell">
<entry key="DoubleCell" type="xdouble" value="14.3847921965"/>
</config>
</config>
<config key="upper_bound">
<entry key="datacell" type="xstring" value="org.knime.core.data.def.DoubleCell"/>
<config key="org.knime.core.data.def.DoubleCell">
<entry key="DoubleCell" type="xdouble" value="43.9088082786"/>
</config>
</config>
</config>
<config key="column_properties"/>
</config>
<config key="column_spec_20">
<entry key="column_name" type="xstring" value="Inflation, GDP deflator (annual %)"/>
<config key="element_names">
<entry key="array-size" type="xint" value="0"/>
</config>
<config key="column_type">
<entry key="cell_class" type="xstring" value="org.knime.core.data.def.DoubleCell"/>
</config>
<config key="column_domain">
<config key="lower_bound">
<entry key="datacell" type="xstring" value="org.knime.core.data.def.DoubleCell"/>
<config key="org.knime.core.data.def.DoubleCell">
<entry key="DoubleCell" type="xdouble" value="1.1144713796"/>
</config>
</config>
<config key="upper_bound">
<entry key="datacell" type="xstring" value="org.knime.core.data.def.DoubleCell"/>
<config key="org.knime.core.data.def.DoubleCell">
<entry key="DoubleCell" type="xdouble" value="22.752607649"/>
</config>
</config>
</config>
<config key="column_properties"/>
</config>
<config key="column_spec_21">
<entry key="column_name" type="xstring" value="Internet users (per 100 people)"/>
<config key="element_names">
<entry key="array-size" type="xint" value="0"/>
</config>
<config key="column_type">
<entry key="cell_class" type="xstring" value="org.knime.core.data.def.DoubleCell"/>
</config>
<config key="column_domain">
<config key="lower_bound">
<entry key="datacell" type="xstring" value="org.knime.core.data.def.DoubleCell"/>
<config key="org.knime.core.data.def.DoubleCell">
<entry key="DoubleCell" type="xdouble" value="19.0867325668"/>
</config>
</config>
<config key="upper_bound">
<entry key="datacell" type="xstring" value="org.knime.core.data.def.DoubleCell"/>
<config key="org.knime.core.data.def.DoubleCell">
<entry key="DoubleCell" type="xdouble" value="84.800430141"/>
</config>
</config>
</config>
<config key="column_properties"/>
</config>
<config key="column_spec_22">
<entry key="column_name" type="xstring" value="Life expectancy at birth, total (years)"/>
<config key="element_names">
<entry key="array-size" type="xint" value="0"/>
</config>
<config key="column_type">
<entry key="cell_class" type="xstring" value="org.knime.core.data.def.DoubleCell"/>
</config>
<config key="column_domain">
<config key="lower_bound">
<entry key="datacell" type="xstring" value="org.knime.core.data.def.DoubleCell"/>
<config key="org.knime.core.data.def.DoubleCell">
<entry key="DoubleCell" type="xdouble" value="68.2170731707"/>
</config>
</config>
<config key="upper_bound">
<entry key="datacell" type="xstring" value="org.knime.core.data.def.DoubleCell"/>
<config key="org.knime.core.data.def.DoubleCell">
<entry key="DoubleCell" type="xdouble" value="81.7217073171"/>
</config>
</config>
</config>
<config key="column_properties"/>
</config>
<config key="column_spec_23">
<entry key="column_name" type="xstring" value="Market capitalization of listed companies (% of GDP)"/>
<config key="element_names">
<entry key="array-size" type="xint" value="0"/>
</config>
<config key="column_type">
<entry key="cell_class" type="xstring" value="org.knime.core.data.def.DoubleCell"/>
</config>
<config key="column_domain">
<config key="lower_bound">
<entry key="datacell" type="xstring" value="org.knime.core.data.def.DoubleCell"/>
<config key="org.knime.core.data.def.DoubleCell">
<entry key="DoubleCell" type="xdouble" value="1.1407497289"/>
</config>
</config>
<config key="upper_bound">
<entry key="datacell" type="xstring" value="org.knime.core.data.def.DoubleCell"/>
<config key="org.knime.core.data.def.DoubleCell">
<entry key="DoubleCell" type="xdouble" value="335.8339007945"/>
</config>
</config>
</config>
<config key="column_properties"/>
</config>
<config key="column_spec_24">
<entry key="column_name" type="xstring" value="Merchandise trade (% of GDP)"/>
<config key="element_names">
<entry key="array-size" type="xint" value="0"/>
</config>
<config key="column_type">
<entry key="cell_class" type="xstring" value="org.knime.core.data.def.DoubleCell"/>
</config>
<config key="column_domain">
<config key="lower_bound">
<entry key="datacell" type="xstring" value="org.knime.core.data.def.DoubleCell"/>
<config key="org.knime.core.data.def.DoubleCell">
<entry key="DoubleCell" type="xdouble" value="31.8688557661"/>
</config>
</config>
<config key="upper_bound">
<entry key="datacell" type="xstring" value="org.knime.core.data.def.DoubleCell"/>
<config key="org.knime.core.data.def.DoubleCell">
<entry key="DoubleCell" type="xdouble" value="186.8243100746"/>
</config>
</config>
</config>
<config key="column_properties"/>
</config>
<config key="column_spec_25">
<entry key="column_name" type="xstring" value="Military expenditure (% of GDP)"/>
<config key="element_names">
<entry key="array-size" type="xint" value="0"/>
</config>
<config key="column_type">
<entry key="cell_class" type="xstring" value="org.knime.core.data.def.DoubleCell"/>
</config>
<config key="column_domain">
<config key="lower_bound">
<entry key="datacell" type="xstring" value="org.knime.core.data.def.DoubleCell"/>
<config key="org.knime.core.data.def.DoubleCell">
<entry key="DoubleCell" type="xdouble" value="0.5165678759"/>
</config>
</config>
<config key="upper_bound">
<entry key="datacell" type="xstring" value="org.knime.core.data.def.DoubleCell"/>
<config key="org.knime.core.data.def.DoubleCell">
<entry key="DoubleCell" type="xdouble" value="3.2740959001"/>
</config>
</config>
</config>
<config key="column_properties"/>
</config>
<config key="column_spec_26">
<entry key="column_name" type="xstring" value="Mobile cellular subscriptions (per 100 people)"/>
<config key="element_names">
<entry key="array-size" type="xint" value="0"/>
</config>
<config key="column_type">
<entry key="cell_class" type="xstring" value="org.knime.core.data.def.DoubleCell"/>
</config>
<config key="column_domain">
<config key="lower_bound">
<entry key="datacell" type="xstring" value="org.knime.core.data.def.DoubleCell"/>
<config key="org.knime.core.data.def.DoubleCell">
<entry key="DoubleCell" type="xdouble" value="51.3386752553"/>
</config>
</config>
<config key="upper_bound">
<entry key="datacell" type="xstring" value="org.knime.core.data.def.DoubleCell"/>
<config key="org.knime.core.data.def.DoubleCell">
<entry key="DoubleCell" type="xdouble" value="151.2445511094"/>
</config>
</config>
</config>
<config key="column_properties"/>
</config>
<config key="column_spec_27">
<entry key="column_name" type="xstring" value="Mortality rate, under-5 (per 1,000)"/>
<config key="element_names">
<entry key="array-size" type="xint" value="0"/>
</config>
<config key="column_type">
<entry key="cell_class" type="xstring" value="org.knime.core.data.def.DoubleCell"/>
</config>
<config key="column_domain">
<config key="lower_bound">
<entry key="datacell" type="xstring" value="org.knime.core.data.def.DoubleCell"/>
<config key="org.knime.core.data.def.DoubleCell">
<entry key="DoubleCell" type="xdouble" value="2.5"/>
</config>
</config>
<config key="upper_bound">
<entry key="datacell" type="xstring" value="org.knime.core.data.def.DoubleCell"/>
<config key="org.knime.core.data.def.DoubleCell">
<entry key="DoubleCell" type="xdouble" value="24.3"/>
</config>
</config>
</config>
<config key="column_properties"/>
</config>
<config key="column_spec_28">
<entry key="column_name" type="xstring" value="Net barter terms of trade (2000 = 100)"/>
<config key="element_names">
<entry key="array-size" type="xint" value="0"/>
</config>
<config key="column_type">
<entry key="cell_class" type="xstring" value="org.knime.core.data.def.DoubleCell"/>
</config>
<config key="column_domain">
<config key="lower_bound">
<entry key="datacell" type="xstring" value="org.knime.core.data.def.DoubleCell"/>
<config key="org.knime.core.data.def.DoubleCell">
<entry key="DoubleCell" type="xdouble" value="89.3113487979"/>
</config>
</config>
<config key="upper_bound">
<entry key="datacell" type="xstring" value="org.knime.core.data.def.DoubleCell"/>
<config key="org.knime.core.data.def.DoubleCell">
<entry key="DoubleCell" type="xdouble" value="133.9693460739"/>
</config>
</config>
</config>
<config key="column_properties"/>
</config>
<config key="column_spec_29">
<entry key="column_name" type="xstring" value="Official development assistance and official aid (current US$)"/>
<config key="element_names">
<entry key="array-size" type="xint" value="0"/>
</config>
<config key="column_type">
<entry key="cell_class" type="xstring" value="org.knime.core.data.def.DoubleCell"/>
</config>
<config key="column_domain">
<config key="lower_bound">
<entry key="datacell" type="xstring" value="org.knime.core.data.def.DoubleCell"/>
<config key="org.knime.core.data.def.DoubleCell">
<entry key="DoubleCell" type="xdouble" value="8.33E7"/>
</config>
</config>
<config key="upper_bound">
<entry key="datacell" type="xstring" value="org.knime.core.data.def.DoubleCell"/>
<config key="org.knime.core.data.def.DoubleCell">
<entry key="DoubleCell" type="xdouble" value="8.34E8"/>
</config>
</config>
</config>
<config key="column_properties"/>
</config>
<config key="column_spec_30">
<entry key="column_name" type="xstring" value="Population growth (annual %)"/>
<config key="element_names">
<entry key="array-size" type="xint" value="0"/>
</config>
<config key="column_type">
<entry key="cell_class" type="xstring" value="org.knime.core.data.def.DoubleCell"/>
</config>
<config key="column_domain">
<config key="lower_bound">
<entry key="datacell" type="xstring" value="org.knime.core.data.def.DoubleCell"/>
<config key="org.knime.core.data.def.DoubleCell">
<entry key="DoubleCell" type="xdouble" value="-1.1219537896"/>
</config>
</config>
<config key="upper_bound">
<entry key="datacell" type="xstring" value="org.knime.core.data.def.DoubleCell"/>
<config key="org.knime.core.data.def.DoubleCell">
<entry key="DoubleCell" type="xdouble" value="2.4440863154"/>
</config>
</config>
</config>
<config key="column_properties"/>
</config>
<config key="column_spec_31">
<entry key="column_name" type="xstring" value="Population, total"/>
<config key="element_names">
<entry key="array-size" type="xint" value="0"/>
</config>
<config key="column_type">
<entry key="cell_class" type="xstring" value="org.knime.core.data.def.DoubleCell"/>
</config>
<config key="column_domain">
<config key="lower_bound">
<entry key="datacell" type="xstring" value="org.knime.core.data.def.DoubleCell"/>
<config key="org.knime.core.data.def.DoubleCell">
<entry key="DoubleCell" type="xdouble" value="310997.0"/>
</config>
</config>
<config key="upper_bound">
<entry key="datacell" type="xstring" value="org.knime.core.data.def.DoubleCell"/>
<config key="org.knime.core.data.def.DoubleCell">
<entry key="DoubleCell" type="xdouble" value="8.23E7"/>
</config>
</config>
</config>
<config key="column_properties"/>
</config>
<config key="column_spec_32">
<entry key="column_name" type="xstring" value="Prevalence of HIV, total (% of population ages 15-49)"/>
<config key="element_names">
<entry key="array-size" type="xint" value="0"/>
</config>
<config key="column_type">
<entry key="cell_class" type="xstring" value="org.knime.core.data.def.DoubleCell"/>
</config>
<config key="column_domain">
<config key="lower_bound">
<entry key="datacell" type="xstring" value="org.knime.core.data.def.DoubleCell"/>
<config key="org.knime.core.data.def.DoubleCell">
<entry key="DoubleCell" type="xdouble" value="0.1"/>
</config>
</config>
<config key="upper_bound">
<entry key="datacell" type="xstring" value="org.knime.core.data.def.DoubleCell"/>
<config key="org.knime.core.data.def.DoubleCell">
<entry key="DoubleCell" type="xdouble" value="1.6"/>
</config>
</config>
</config>
<config key="column_properties"/>
</config>
<config key="column_spec_33">
<entry key="column_name" type="xstring" value="Primary completion rate, total (% of relevant age group)"/>
<config key="element_names">
<entry key="array-size" type="xint" value="0"/>
</config>
<config key="column_type">
<entry key="cell_class" type="xstring" value="org.knime.core.data.def.DoubleCell"/>
</config>
<config key="column_domain">
<config key="lower_bound">
<entry key="datacell" type="xstring" value="org.knime.core.data.def.DoubleCell"/>
<config key="org.knime.core.data.def.DoubleCell">
<entry key="DoubleCell" type="xdouble" value="84.0780688238"/>
</config>
</config>
<config key="upper_bound">
<entry key="datacell" type="xstring" value="org.knime.core.data.def.DoubleCell"/>
<config key="org.knime.core.data.def.DoubleCell">
<entry key="DoubleCell" type="xdouble" value="120.3444588959"/>
</config>
</config>
</config>
<config key="column_properties"/>
</config>
<config key="column_spec_34">
<entry key="column_name" type="xstring" value="Ratio of girls to boys in primary and secondary education (%)"/>
<config key="element_names">
<entry key="array-size" type="xint" value="0"/>
</config>
<config key="column_type">
<entry key="cell_class" type="xstring" value="org.knime.core.data.def.DoubleCell"/>
</config>
<config key="column_domain">
<config key="lower_bound">
<entry key="datacell" type="xstring" value="org.knime.core.data.def.DoubleCell"/>
<config key="org.knime.core.data.def.DoubleCell">
<entry key="DoubleCell" type="xdouble" value="89.5422660613"/>
</config>
</config>
<config key="upper_bound">
<entry key="datacell" type="xstring" value="org.knime.core.data.def.DoubleCell"/>
<config key="org.knime.core.data.def.DoubleCell">
<entry key="DoubleCell" type="xdouble" value="104.4222170476"/>
</config>
</config>
</config>
<config key="column_properties"/>
</config>
<config key="column_spec_35">
<entry key="column_name" type="xstring" value="Renewable internal freshwater resources per capita (cubic meters)"/>
<config key="element_names">
<entry key="array-size" type="xint" value="0"/>
</config>
<config key="column_type">
<entry key="cell_class" type="xstring" value="org.knime.core.data.def.DoubleCell"/>
</config>
<config key="column_domain">
<config key="lower_bound">
<entry key="datacell" type="xstring" value="org.knime.core.data.def.DoubleCell"/>
<config key="org.knime.core.data.def.DoubleCell">
<entry key="DoubleCell" type="xdouble" value="123.4124394851"/>
</config>
</config>
<config key="upper_bound">
<entry key="datacell" type="xstring" value="org.knime.core.data.def.DoubleCell"/>
<config key="org.knime.core.data.def.DoubleCell">
<entry key="DoubleCell" type="xdouble" value="546629.06716142"/>
</config>
</config>
</config>
<config key="column_properties"/>
</config>
<config key="column_spec_36">
<entry key="column_name" type="xstring" value="Revenue, excluding grants (% of GDP)"/>
<config key="element_names">
<entry key="array-size" type="xint" value="0"/>
</config>
<config key="column_type">
<entry key="cell_class" type="xstring" value="org.knime.core.data.def.DoubleCell"/>
</config>
<config key="column_domain">
<config key="lower_bound">
<entry key="datacell" type="xstring" value="org.knime.core.data.def.DoubleCell"/>
<config key="org.knime.core.data.def.DoubleCell">
<entry key="DoubleCell" type="xdouble" value="20.960296856"/>
</config>
</config>
<config key="upper_bound">
<entry key="datacell" type="xstring" value="org.knime.core.data.def.DoubleCell"/>
<config key="org.knime.core.data.def.DoubleCell">
<entry key="DoubleCell" type="xdouble" value="64.6226979508"/>
</config>
</config>
</config>
<config key="column_properties"/>
</config>
<config key="column_spec_37">
<entry key="column_name" type="xstring" value="Roads, paved (% of total roads)"/>
<config key="element_names">
<entry key="array-size" type="xint" value="0"/>
</config>
<config key="column_type">
<entry key="cell_class" type="xstring" value="org.knime.core.data.def.DoubleCell"/>
</config>
<config key="column_domain">
<config key="lower_bound">
<entry key="datacell" type="xstring" value="org.knime.core.data.def.DoubleCell"/>
<config key="org.knime.core.data.def.DoubleCell">
<entry key="DoubleCell" type="xdouble" value="89.1349266478"/>
</config>
</config>
<config key="upper_bound">
<entry key="datacell" type="xstring" value="org.knime.core.data.def.DoubleCell"/>
<config key="org.knime.core.data.def.DoubleCell">
<entry key="DoubleCell" type="xdouble" value="89.1349266478"/>
</config>
</config>
</config>
<config key="column_properties"/>
</config>
<config key="column_spec_38">
<entry key="column_name" type="xstring" value="Services, etc., value added (% of GDP)"/>
<config key="element_names">
<entry key="array-size" type="xint" value="0"/>
</config>
<config key="column_type">
<entry key="cell_class" type="xstring" value="org.knime.core.data.def.DoubleCell"/>
</config>
<config key="column_domain">
<config key="lower_bound">
<entry key="datacell" type="xstring" value="org.knime.core.data.def.DoubleCell"/>
<config key="org.knime.core.data.def.DoubleCell">
<entry key="DoubleCell" type="xdouble" value="35.8091315022"/>
</config>
</config>
<config key="upper_bound">
<entry key="datacell" type="xstring" value="org.knime.core.data.def.DoubleCell"/>
<config key="org.knime.core.data.def.DoubleCell">
<entry key="DoubleCell" type="xdouble" value="85.2246676889"/>
</config>
</config>
</config>
<config key="column_properties"/>
</config>
<config key="column_spec_39">
<entry key="column_name" type="xstring" value="Surface area (sq. km)"/>
<config key="element_names">
<entry key="array-size" type="xint" value="0"/>
</config>
<config key="column_type">
<entry key="cell_class" type="xstring" value="org.knime.core.data.def.IntCell"/>
</config>
<config key="column_domain">
<config key="lower_bound">
<entry key="datacell" type="xstring" value="org.knime.core.data.def.IntCell"/>
<config key="org.knime.core.data.def.IntCell">
<entry key="IntCell" type="xint" value="320"/>
</config>
</config>
<config key="upper_bound">
<entry key="datacell" type="xstring" value="org.knime.core.data.def.IntCell"/>
<config key="org.knime.core.data.def.IntCell">
<entry key="IntCell" type="xint" value="783560"/>
</config>
</config>
</config>
<config key="column_properties"/>
</config>
<config key="column_spec_40">
<entry key="column_name" type="xstring" value="Time required to start a business (days)"/>
<config key="element_names">
<entry key="array-size" type="xint" value="0"/>
</config>
<config key="column_type">
<entry key="cell_class" type="xstring" value="org.knime.core.data.def.IntCell"/>
</config>
<config key="column_domain">
<config key="lower_bound">
<entry key="datacell" type="xstring" value="org.knime.core.data.def.IntCell"/>
<config key="org.knime.core.data.def.IntCell">
<entry key="IntCell" type="xint" value="4"/>
</config>
</config>
<config key="upper_bound">
<entry key="datacell" type="xstring" value="org.knime.core.data.def.IntCell"/>
<config key="org.knime.core.data.def.IntCell">
<entry key="IntCell" type="xint" value="60"/>
</config>
</config>
</config>
<config key="column_properties"/>
</config>
<config key="column_spec_41">
<entry key="column_name" type="xstring" value="Total debt service (% of exports of goods, services and income)"/>
<config key="element_names">
<entry key="array-size" type="xint" value="0"/>
</config>
<config key="column_type">
<entry key="cell_class" type="xstring" value="org.knime.core.data.def.DoubleCell"/>
</config>
<config key="column_domain">
<config key="lower_bound">
<entry key="datacell" type="xstring" value="org.knime.core.data.def.DoubleCell"/>
<config key="org.knime.core.data.def.DoubleCell">
<entry key="DoubleCell" type="xdouble" value="3.8758332286"/>
</config>
</config>
<config key="upper_bound">
<entry key="datacell" type="xstring" value="org.knime.core.data.def.DoubleCell"/>
<config key="org.knime.core.data.def.DoubleCell">
<entry key="DoubleCell" type="xdouble" value="73.2635632278"/>
</config>
</config>
</config>
<config key="column_properties"/>
</config>
<config key="column_spec_42">
<entry key="column_name" type="xstring" value="Workers' remittances and compensation of employees, received (current US$)"/>
<config key="element_names">
<entry key="array-size" type="xint" value="0"/>
</config>
<config key="column_type">
<entry key="cell_class" type="xstring" value="org.knime.core.data.def.DoubleCell"/>
</config>
<config key="column_domain">
<config key="lower_bound">
<entry key="datacell" type="xstring" value="org.knime.core.data.def.DoubleCell"/>
<config key="org.knime.core.data.def.DoubleCell">
<entry key="DoubleCell" type="xdouble" value="4.13E7"/>
</config>
</config>
<config key="upper_bound">
<entry key="datacell" type="xstring" value="org.knime.core.data.def.DoubleCell"/>
<config key="org.knime.core.data.def.DoubleCell">
<entry key="DoubleCell" type="xdouble" value="1.37E10"/>
</config>
</config>
</config>
<config key="column_properties"/>
</config>
</config>
