"Country Name","GDP/population","Country Code","Adolescent fertility rate (births per 1,000 women ages 15-19)","Agriculture, value added (% of GDP)","Births attended by skilled health staff (% of total)","Cash surplus/deficit (% of GDP)","Contraceptive prevalence (% of women ages 15-49)","Exports of goods and services (% of GDP)","External debt stocks, total (DOD, current US$)","Fertility rate, total (births per woman)","Foreign direct investment, net inflows (BoP, current US$)","GDP (current US$)","GDP growth (annual %)","GNI per capita, Atlas method (current US$)","GNI per capita, PPP (current international $)","GNI, Atlas method (current US$)","GNI, PPP (current international $)","Gross capital formation (% of GDP)","High-technology exports (% of manufactured exports)","Immunization, measles (% of children ages 12-23 months)","Imports of goods and services (% of GDP)","Income share held by lowest 20%","Industry, value added (% of GDP)","Inflation, GDP deflator (annual %)","Internet users (per 100 people)","Life expectancy at birth, total (years)","Malnutrition prevalence, weight for age (% of children under 5)","Market capitalization of listed companies (% of GDP)","Merchandise trade (% of GDP)","Military expenditure (% of GDP)","Mobile cellular subscriptions (per 100 people)","Mortality rate, under-5 (per 1,000)","Net barter terms of trade (2000 = 100)","Official development assistance and official aid (current US$)","Population growth (annual %)","Population, total","Prevalence of HIV, total (% of population ages 15-49)","Primary completion rate, total (% of relevant age group)","Ratio of girls to boys in primary and secondary education (%)","Renewable internal freshwater resources per capita (cubic meters)","Revenue, excluding grants (% of GDP)","Roads, paved (% of total roads)","Services, etc., value added (% of GDP)","Surface area (sq. km)","Time required to start a business (days)","Total debt service (% of exports of goods, services and income)","Workers' remittances and compensation of employees, received (current US$)"
"Afghanistan",0,"AFG","121,262","37,4741116087",,"-1,6790963042",,"17,2869746229","2,04E+009","6,634","2,88E+008","1,02E+010","16,177652941",,,"9,80E+009","3,06E+010","30,5824848924",,70,"56,5929055537",,"24,9407173281","6,7574630977",,"43,8307317073",,,"32,6071519","2,1058879874",,257,,"3,95E+009",,,,,"57,7365184223",,"6,7290221277",,"37,5851710632",652090,9,,
"Albania","3457,7398115823","ALB","14,16","21,4296517303",,,,"27,8462082101","2,78E+009","1,873","4,77E+008","1,08E+010",6,3360,7350,"1,05E+010","2,30E+010","29,9429410955",,97,"54,3179570556",,"19,9556814014","3,1598111878",,"76,4982926829",,,"48,6371590382","1,7984076758","73,4247673871","15,181",,"3,05E+008","0,3423937531",3132458,,,,"8587,5054031052",,,"58,6146668683",28750,36,"4,1490857893","1,47E+009"
"Algeria","3967,3113671714","DZA","7,339","8,1779250997",,"6,1778491758",,"47,1298698258","5,54E+009","2,383","1,66E+009","1,34E+011",3,3610,7650,"1,22E+011","2,59E+011","33,6904419815",,92,"23,5531153064",,"61,0919805829","6,7921001249","10,3389169032","72,2502439024",,,"65,3696774048","2,9379875782","81,4196204876",37,"183,799076173","3,90E+008","1,4926174394","3,39E+007","0,1","95,138053543",,"332,233709744","40,3774472932",,"30,7300987725",2381740,24,,"2,12E+009"
"American Samoa",0,"ASM",,,,,,,,,,,,,,,,,,,,,,,,,,,,,,,,,"1,6730156341","65029,3607635464",,,,,,,,200,,,
"Andorra",0,"ADO",,,,,,,,,,,,,,,,,,94,,,,,,,,,,,,"2,7",,,"2,8311345059",82180,,,"102,6617355656",,,,,470,,,
"Angola","3375,9511475276","AGO","123,683","9,6978681538","47,3",,,"73,9232069174","1,27E+010","5,785","-8,93E+008","5,93E+010","20,2795799202",2590,4400,"4,55E+010","7,72E+010","14,3652729786",,88,"40,3977518775",,"72,3986797974","4,1250837516","2,8368656963","46,8014634146",,,"97,9646443841","3,7837","28,263476465",158,"204,0598740576","2,41E+008","2,6873692302","1,76E+007","2,1",,,"8430,8458445472",,,"17,9034520488",1246700,119,"10,2432488262",
"Antigua and Barbuda","13615,6629165354","ATG",,,,,,,,,"3,91E+008","1,15E+009","8,5322959642",12610,19350,"1,07E+009","1,64E+009",,"0,0565124784",99,,,,"8,4747014753","70,7434213434",,,,"69,6228932673",,"132,5036072332","10,8",,4190000,"0,8484306033","84813,5400587651",,"97,2921914358","95,0220572875","613,1096516425",,,,440,21,,"2,35E+007"
"Argentina","6643,7412418242","ARG","56,9","9,394874713",,,,"24,6265468942","1,28E+011","2,254","6,46E+009","2,62E+011","8,6533368464",6040,12970,"2,39E+011","5,12E+011","24,2009503505","6,6236865266",99,"20,3371259843",,"33,7362018118","14,1649276632","25,9380936033","75,2185365854",,"33,0287420834","38,2874037656","0,7498253798","102,2739927458","16,3","116,1660777385","8,20E+007","0,9389172466","3,95E+007","0,5",,,"6986,7287003743",,,"56,8689234752",2780400,31,"12,9990555503","6,07E+008"
"Armenia","2995,8088594798","ARM","35,706","20,2820602192",,"-0,5669948204",,"19,1894053167","2,89E+009","1,735","6,99E+008","9,20E+009","13,7",2580,5740,"7,91E+009","1,76E+010","37,789973983","2,0276024291",92,"39,1584900031",,"43,9088082786","4,2574357371",,"73,3953658537",,"1,1407497289","48,0212178738","3,0425582439","61,0721411252","24,3",,"3,52E+008","0,1294593422",3072450,"0,1","97,5367682399","104,4222170476","2952,3670035314","20,960296856",,"35,8091315022",29800,18,"7,0467248204","8,46E+008"
"Aruba",0,"ABW","33,439",,,,,,,"1,738","-1,16E+008",,,,,,,,"0,0931719284",,,,,,"23,037935801","74,6404878049",,,,,"139,9832974965",,"192,4811110291",,"1,4289133946",104176,,"98,6147757256","100,6735735109",,,,,180,,,"1,26E+007"
"Australia","39066,0738353704","AUS","14,896",,,"1,6749005904",,"20,6273656991",,"1,931","3,96E+010","8,21E+011","3,3000121509",35760,33400,"7,52E+011","7,02E+011","27,4805532126","13,5226740143",94,"21,8473443922",,,"4,6322615856","53,2952652867","81,2926829268",,"158,1572343233","37,3573992327","1,9765242322","101,1658339281","5,7","152,3911403316",,"1,5204222607","2,10E+007","0,2",,"97,4918886837","23411,8486795146","27,4812226373",,,7741220,2,,"3,83E+009"
"Austria","44879,5241251203","AUT","12,779","1,9412733271",,"-0,8558755973",,"58,8590648085",,"1,38","3,07E+010","3,73E+011","3,3548247871",41970,36750,"3,49E+011","3,06E+011","20,8429038399","11,3045566954",79,"51,5702721208",,"31,1858293967","2,2960492201","67,365151543","80,0317073171",,"61,2840478317","87,6359346937","0,9410667061","119,2001324767","4,4",,,"0,3976785127",8315427,"0,2","102,2319930187","97,2331971124","6614,2123549398","37,1034326197",,"66,8728972762",83870,28,,"2,96E+009"
"Azerbaijan","3851,4029882252","AZE","33,849","5,9059209446",,,,"68,1297392149","3,02E+009",2,"-4,75E+009","3,30E+010","25,049",2710,6630,"2,32E+010","5,69E+010","20,1142413878","3,9372958261",97,"28,5131963193",,"68,5135448851","20,984036634","10,7979241789","67,3802439024",,,"82,6455857692","2,8630866331","52,6611475982","39,3",,"2,25E+008","1,1336107477",8581279,"0,2","113,3424895308","96,6898727977","945,6632280573",,,"25,5805341703",86600,36,"0,6967161964","1,29E+009"
"Bahamas, The","19843,5477177628","BHS","52,976",,,,,,,"2,022","7,13E+008","6,57E+009","2,7957952023",,,,,,"1,32E-004",96,,,,"2,4897356033","36,2384080918","73,3958536585",,,"57,193731697","0,8872318019","112,9427365659","13,4",,,"1,1729357259","331140,373760788",3,"97,3007712082","101,4050514335","60,3973468196",,,,13880,31,,
"Bahrain",0,"BHR","16,732",,,,,,,"2,292","1,76E+009",,,,,,,,"0,0458083501",99,,,,,"33,2098383169","75,8309756098",,,,,"148,2487182465","10,18","119,7264033406",,"1,8604749621","752788,970589759",,,,"5,3135741307",,,,710,9,,
"Bangladesh","433,6883166255","BGD","71,608","19,2434650141",18,"-1,332534035","55,8","19,7766917282","2,20E+010","2,358","6,53E+008","6,84E+010","6,4278425208",480,1340,"7,49E+010","2,11E+011","24,4641801536",,88,"26,7024271451",,"28,377570492","6,786450298","0,3169521637","65,9551219512",,"9,9293841413","45,3833351853","1,2010110971","21,7872917295","60,5","69,0730452198","1,50E+009","1,4619078692","1,58E+008",,,"107,4046781662","665,59954367","10,2526709136",,"52,3789644939",144000,74,"3,8962088103","6,56E+009"
"Barbados","13392,6291432096","BRB","42,7",,,,,,,"1,525",,"3,41E+009",,,,,,,"9,9725076442",75,,,,,,"76,9065853659",,"164,2499266647","63,8086095629",,,"11,6","114,2284263411","1,37E+007","0,2568678111",254543,"1,2","94,6305156831","101,2748274332","314,2887449272",,,,430,,,"1,40E+008"
"Belarus","4666,6369816352","BLR","21,262","9,2322798046",,"0,4315087104",,"61,0446321887","9,47E+009","1,287","1,79E+009","4,53E+010","8,600000785",4240,10790,"4,12E+010","1,05E+011","32,8240637347","2,6775335393",99,"67,0933965109",,"41,7343425886","12,8727082725","28,9605236034","70,2034146341",,,"116,9906372867","1,6497659144","71,7377860235","13,4",,"8,33E+007","-0,3138750679",9702000,"0,2","92,3970810678","101,0925575503","3834,2609771181","38,2513145279",,"49,0333776067",207600,48,"3,8758332286","3,54E+008"
"Belgium","42609,3104583101","BEL","7,722","0,8725256355",,,,"89,4102176542",,"1,81","7,22E+010","4,53E+011","2,7991142803",41120,35320,"4,37E+011","3,75E+011","22,3440145103","7,4833201241",92,"86,5120918984",,"24,0736210493","1,6330690281","65,9384322915","80,2207317073",,"85,3359281692","186,8243100746","1,1405683192","101,0580102958","4,6","101,1504424779",,"0,7343308308","1,06E+007","0,2","86,3791413131","98,0565511259","1129,3373613033",,,"75,0538533151",30530,4,,"8,56E+009"
"Belize","4199,9631706567","BLZ","78,717","12,271381145",,,,"59,879526094","1,06E+009","2,935","1,12E+008","1,28E+009","1,2187445497",3760,6080,"1,14E+009","1,85E+009","19,2881568022","0,0758090529",96,"61,6857206322",,"21,4834972845","3,9793970658","10,5266220596","76,1980487805",,,"74,4840232297",,"38,9202113237","25,4","78,8224076549","2,34E+007","2,1248303208","303991,155176035","2,1","106,2864644107","101,6385532786","52633,1102980109",,,"66,2451215705",22970,44,"69,2987340574","7,48E+007"
"Benin","646,6734354363","BEN","111,787",,,,,,"8,57E+008","5,485","4,80E+007","5,43E+009","4,6000563638",610,1410,"5,12E+009","1,18E+010",,,61,,,,"2,8679997996","1,7871755145","61,172195122",,,"45,6001350491",,"22,6891939743","123,4","80,329224636","4,70E+008","3,2073271309",8393132,"1,2",,,"1227,19385326",,,,112620,31,,"2,24E+008"
"Bermuda","91490,296","BMU",,,,,,,,"1,7568",,"5,86E+009","4,6369228363",,,,,,,,,,,"4,5512814522",75,"78,8614390244",,"46,6427540578","19,0935550148",,,,,,"0,3129893009",64000,,,,,,,,50,,,
"Bhutan","1558,1612382492","BTN","38,281","20,5126023275",,,"35,4","52,5985636376","7,75E+008","2,677","7,83E+007","1,05E+009","14,0480316257",1480,4050,"9,99E+008","2,74E+009","41,8570266857",,95,"57,1192781821",,"43,4924840105","4,5721958981","5,9168096562","65,8602439024",,,"113,9420359045",,"22,1050529554",84,,"8,92E+007","1,8024314751",676040,"0,1",,,"140524,229335542",,,"35,994913662",47000,48,,
"Bolivia","1378,5183362723","BOL","78,2","12,877394395",,"1,2421216505",,"41,7956567499","4,95E+009","3,5","2,04E+008","1,31E+010","-2,74E-006",1220,3960,"1,16E+010","3,77E+010","15,1866548335","4,6742998032",81,"34,2662546827",,"36,3892842806","12,2742894282","10,5069197043","65,5129268293",,"17,2483445923","60,3292673519","1,7454754589","34,1938245548","57,4","137,1535580524","4,76E+008","1,7348530805","9517537,28157844","0,2","97,7426864623","98,660827133","31891,7584475865","23,2656060006",,"50,7333213244",1098580,50,"11,9486630362","9,27E+008"
"Bosnia and Herzegovina","4008,0766123777","BIH","15,928",,,"1,0489577331",,"39,0773328389","6,48E+009","1,214","2,11E+009","1,51E+010","6,84",3780,8010,"1,43E+010","3,03E+010","22,6841497227","3,0197040998",96,"73,6505857139",,,"5,9326689146","27,9217977933","75,0007317073",,,"92,0354974354","1,2984612541","64,8533377796","14,2",,"4,43E+008","-0,0814296746",3778410,"0,1",,"99,395085588","9395,4864612363","40,2513086494",,,51210,54,"8,0360042153","2,70E+009"
"Botswana","6550,2286063691","BWA","52,128","1,8159815323",,,,"47,0402280527","4,02E+008","2,896","-2,86E+007","1,23E+010","4,2450357432",6100,12760,"1,15E+010","2,40E+010","40,6587929981","0,431242053",90,"36,6134773631",,"49,2891146337","12,9705688733","5,3151017527","50,5875609756",,"47,7710352877","74,8083697247","2,5709358293","61,2172690983","39,7","89,5825914048","1,04E+008","1,2444571653","1881431,5257196","23,9",,,"1275,624420656",,,"48,894903834",581730,108,"0,8561158389","1,41E+008"
"Brazil","7012,7844446387","BRA","75,6","5,9822290702",,,,"13,6817637437","2,37E+011","1,9","3,46E+010","1,33E+012","5,6695064797",6060,9510,"1,15E+012","1,81E+012","17,7344490765","12,376920881",99,"12,1405014069","3,02","28,051030821","3,7321287158","35,5093676496","72,2807317073","2,2","102,7830852957","21,5422894768","1,4909853708","63,6335510108","21,7","107,7769625825","2,97E+008","1,0371062216","1,90E+008","0,6",,"102,5091650794","28497,7916183934",,,"65,9667401088",8514880,152,"27,8203440366","4,38E+009"
"Brunei Darussalam",0,"BRN","25,043","0,687650919",,,,"67,6555557251",,"2,294",,,"0,6199969649",,50200,,"1,95E+010","12,9470672607",,97,"27,8166408539",,"71,0370941162","0,9460847974","48,2720657927","77,2926829268",,,,"2,4146108221","89,6319005997","8,8","196,0228977255",,"1,8932100772","389252,038242555",,"107,3682707411","101,2282959618","21836,7514230032",,,"28,2752552032",5770,116,,
"Bulgaria","5163,2450252995","BGR","42,228","6,2448287449",,"3,5463189213",,"63,3949847468","3,30E+010","1,42","8,97E+009","3,95E+010","6,167264825",4460,10790,"3,41E+010","8,27E+010","36,7971230905","6,0052719017",96,"85,4876461209",,"32,2958251862","7,8516059648","30,9152736298","72,683902439",,"55,1034378898","123,0420208785","2,6097040864","129,2138635081","11,8",,,"-0,5111874154",7659764,,"98,1712062257","96,6445454111","2741,5988273268","37,1500028539",,"61,4593460689",111000,32,"15,4595168178","2,13E+009"
"Burkina Faso","457,9271032631","BFA","130,9",,,,,,"1,46E+009","6,004","6,00E+008","6,77E+009","3,59720801",430,1120,"6,40E+009","1,65E+010",,,94,,,,"3,7408058752","0,7443783535","52,2024390244",,,"33,1462174396","1,4013320178","10,9017593414","190,7","89,6261412833","9,30E+008","2,8759005169","1,48E+007","1,6","33,2955359596","81,7939356016","845,8844926565",,,,274000,18,,"5,00E+007"
"Burundi","125,0047686891","BDI","18,62",,,,,,"1,46E+009","4,655",500000,"9,80E+008","3,600298595",120,370,"9,56E+008","2,88E+009",,"3,7932340318",75,,,,"8,2774695062","0,7017113208","50,2295121951",,,"37,9759666948","4,7264150943","3,4447646658","179,5","128,6373573239","4,66E+008","3,0373660236",7837981,2,"39,2308943712","90,0252555386","1283,4937977012",,,,27830,32,"42,6034072031",190000
"Cambodia","578,4906763084","KHM","39,217","31,8841789699",,,,"65,3313199493","3,76E+009","3,175","8,67E+008","8,36E+009","10,2046015509",550,1720,"7,99E+009","2,49E+010","20,7859731552",,79,"72,9481546836","7,1273962944","26,7730459135","6,5182213354","0,4845613066","59,5292682927",,,"113,8291684544","1,107327738","17,8825135057","90,9","84,7594663621","6,72E+008","1,7418194787","1,44E+007","0,8","85,061116314","89,6491769961","8346,2223906639",,,"41,3427751166",181040,86,"0,4944589272","3,53E+008"
"Cameroon","1116,4832362951","CMR","127,502","19,4597785119",,,,"22,0542557483","3,16E+009","4,314","4,33E+008","2,07E+010","3,4999974527",1050,2120,"1,95E+010","3,93E+010","17,3114158935",,74,"21,240419524",,"30,6354350033","2,0578062775","2,9547615182","50,3946341463",,,"35,2047423372","1,4340258169","24,4755263812","148,2","132,0500476961","1,93E+009","1,9511760327","1,85E+007","5,1","55,4748243112","84,5135425634","14730,6408775912",,,"49,9047864848",475440,37,"9,8676303335","1,67E+008"
"Canada","40328,8117445915","CAN","12,779",,,"1,7633569448",,,,"1,59","1,12E+011","1,33E+012","2,7",39650,35500,"1,31E+012","1,17E+012",,"14,3061019881",94,,,,"-3,8327526132","72,7787239204","80,5658536585",,"164,41674364","60,9530439898","1,3096922094","61,4913876759","5,7","117,6406572161",,"0,9965796766","3,30E+007","0,4",,,"86426,4919941776","21,0476929461",,,9984670,3,,
"Cape Verde","2941,8526944748","CPV","94,898","8,478150091",,,,"19,7048489991","5,99E+008","2,764","1,30E+008","1,45E+009","6,9420043099",2680,3220,"1,32E+009","1,58E+009","40,2954291081",0,74,"54,6630444234",,"16,3612693783","3,1759074448","8,2832198195","70,9048780488",,,"53,1673483699","0,544854305","30,9552039079","32,2","103,2695689177","1,63E+008","1,4457796879",491717,,"86,239675861","103,84975564","610,1070331105",,,"75,1605805306",4030,52,"3,7743915052","1,39E+008"
"Cayman Islands",0,"CYM",,,,,,,,,,,,,,,,,,,,,,,"41,0996011471",,,,,,,,,,"1,3352714211","53528,5",,,,,,,,260,,,
"Central African Republic","394,2006376072","CAF","106,623","53,8656057408",,,,"14,8480414045","9,73E+008","4,578","2,72E+007","1,71E+009","4,2",370,710,"1,61E+009","3,08E+009","8,8798004025",,62,"22,2762506885",,"14,2221932058","1,9776065924","0,3683745938","44,6665853659",,,"24,9390691797","1,1162727215","2,9930435746","171,9","81,2500100586","1,76E+008","1,8261876469","4343404,85729193","6,3","30,2442671086",,"32463,0110783438",,,"31,9122010534",623000,22,,
"Chad","650,8998370315","TCD","164,415","23,4225330393",,,,"49,6142937061","1,80E+009","6,195","6,03E+008","7,01E+009","0,1999974709",510,1220,"5,46E+009","1,31E+010","19,2676572985",,23,"34,2531574976",,"44,0884297194","1,7363616702","0,8361484893","50,6226829268",,,"73,9713180939","0,9916617034","8,5320220225",209,,"3,52E+008","2,7833555996","1,08E+007","3,5","30,4331735772","64,320594588","1393,5808154669",,,"32,4890372412",1284000,75,,
"Channel Islands","77171,864190268","CHI","9,912",,,,,,,"1,42",,"1,15E+010","5,8983297348",68640,,"1,02E+010",,,,,,,,"3,3363332748",,"78,9958536585",,,,,,,,,"0,1766224431","149207,300987451",,,,,,,,190,,,
"Chile","9875,3547022699","CHL","59,6","4,2446110531",,"8,8191708258",,"47,0797390791","5,86E+010","1,944","1,45E+010","1,64E+011","4,6803582463",8160,12280,"1,35E+011","2,04E+011","21,0762487137",,91,"33,3142770346",,"47,0595310772","5,0909473476","31,1106089189","78,4363414634","0,6","129,9203345448","70,033153913","3,4325654645","84,0948561224","9,02","194,3650126156","1,20E+008","0,9805456814","1,66E+007","0,3","94,8371625116","98,633864138","53270,3523834419","27,4858612561",,"48,6958578697",756630,27,"14,2195627108",2500000
"China","2565,6091561926","CHN","9,736","11,1256636068",,,,"42,5333232913","3,74E+011","1,725","1,38E+011","3,38E+012",13,2410,5430,"3,18E+012","7,15E+012","43,3015164823","29,6943795243",94,"32,7896485904",,"48,5021725106","7,4465195124","16,1252534282","72,9980487805",,"184,0867196788","64,2937023913","1,9587572773","41,5157359414","21,9","78,923550178","1,44E+009","0,5544943899","1,32E+009","0,1","100,9150237775","99,9875550012","2133,3378251805",,"70,7","40,3721638827",9598088,35,"2,2368470128","3,28E+010"
"Colombia","4723,7947935164","COL","74,3","8,9163238452",,"-1,7881496662",,"16,8741345647","4,50E+010","2,45","9,04E+009","2,08E+011","7,5458901195",4100,8260,"1,80E+011","3,63E+011","24,3252632628","2,8797784218",95,"21,0427986385",,"35,4690101866","4,7522424981","27,5081274013","72,8348780488",,"49,0678703677","30,2660370245","3,2970619621","77,1617068679","20,3","121,3640098603","7,31E+008","1,2536480615","4,40E+007","0,6","106,6284374714","104,4465924532","48014,1860095028","24,0404918432",,"55,6146659682",1141750,42,"21,9775612954","4,52E+009"
"Comoros","739,8818972743","COM","45,657","45,3437217813",,,,"12,1653377743","2,91E+008","4,302",800000,"4,65E+008","0,4909909399",690,1170,"4,35E+008","7,32E+008","13,7737533344",,65,"37,3489618102",,"11,8570559936","5,1834812979","3,5168119325","65,1309756098",,,"32,9068188074",,"6,365270466","65,8","61,2590302091","4,45E+007","2,3839924857","628410,060713836","0,1",,,"1909,5811398005",,,,1861,23,,"1,20E+007"
"Congo, Dem. Rep.","159,4536062919","ZAR","201,414","41,0842559662",74,,"20,6","27,1901815199","1,23E+010","6,3","7,20E+008","9,95E+009","6,2566183508",140,290,"8,79E+009","1,78E+010","19,5637980699",,79,"37,9694969831",,"27,4840882203","17,6754611793","0,3692353602","46,4187804878",,,"59,8003092631","0,0020606384","10,5642339156","161,4","119,1565653199","1,22E+009","2,8533953337","6,24E+007",,"50,6836825977","73,4149265445","14423,2562561898",,,"31,4316558134",2344860,155,,
"Congo, Rep.","2153,0882655753","COG","112,808","5,0462156298",,,"20,6","73,0105883637","5,16E+009","4,41","4,29E+009","7,65E+009","-1,59",1510,2700,"5,37E+009","9,60E+009","27,1359806033",,67,"42,9116380631",,"59,841772001","-7,8908295488","2,7597043737","53,5312195122",,,"112,2833465249","1,3876487283","36,2600092084","125,4","187,0965740001","1,27E+008","1,8482934874",3551105,"3,5","72,2670420705",,"62515,7521391229",,,"35,1120123692",342000,37,"1,1953949837","1,48E+007"
"Costa Rica","5886,603214992","CRI",67,"8,7069984379",,"1,7391840725",,"48,8093678603","7,85E+009","2,099","1,90E+009","2,63E+010","7,7954708977",5520,10510,"2,47E+010","4,69E+010","24,6164829525",,90,"53,6361802236",,"28,7660547572","9,2977537901","33,6157609856","78,7865853659",,"7,7483070406","84,8567042418",,"33,7999529453","11,48","84,9303135889","5,27E+007","1,4315303768","4462192,60258227","0,4","91,3827413616","101,6908966746","25189,4102318565","24,6789012639",,"62,526946805",51100,77,"4,4184091349","6,35E+008"
"Cote d'Ivoire","983,7460650529","CIV","129,929","23,8536523461",,"-0,8263560355",,"46,5847674756","1,39E+010","4,645","4,27E+008","1,98E+010","1,7142291904",880,1550,"1,78E+010","3,11E+010","8,6250911205","31,5041185961",67,"40,9457307538",,"25,286073076","2,7128809672","2,236269751","57,2782926829",,"42,1954312169","73,935168701","1,5915785888","37,1106877991","126,5","134,5200969422","1,65E+008","2,2585273126","2,01E+007","3,9","44,6930717742",,"3818,5548370117","19,1558604453",,"50,8602745779",322460,40,"4,4646380922","1,79E+008"
"Croatia","13200,7368951789","HRV","14,126","6,0641183982","99,9","-1,1137947709",,"42,7884873974","4,86E+010","1,4","4,92E+009","5,86E+010","5,4714145506",12000,17840,"5,32E+010","7,91E+010","28,8912635148","9,0915095669",96,"50,3506828886",,"28,2165695301","4,0448036322","44,7443204233","75,6658536585",,"112,6690963634","65,2395524627","1,6335529341","113,4941936194","5,8",,"1,64E+008","-0,0905364674",4435982,"0,1","101,3573022863","102,1929173169","8498,6819153008","35,9314814003","89,1349266478","65,7193120716",56540,22,"32,9704591059","1,39E+009"
"Cuba",0,"CUB","45,2",,"99,9",,"77,1",,,"1,49",,,,,,,,,,99,,,,,"11,6371898078","78,2590243902",,,,,"1,7611421021","6,5","143,5170018634","9,20E+007","-0,0860225663","1,13E+007","0,1","93,3942720314","98,9517780892","3386,3334005679",,,,110860,,,
"Cyprus","24894,5726658032","CYP","6,08",,,"0,7632906102",,,,"1,47","2,24E+009","2,13E+010","4,3615732193",22950,24040,"1,96E+010","2,05E+010",,"30,6871410321",87,,,,"3,121073246","38,000030421","79,2926829268",,"138,5485855104","47,1246534345","3,2539122835","115,6362725861","4,5",,,"1,0666592142",854673,,"99,9516300668","100,6123237775","912,6297426033","64,6226979508",,,9250,,,"1,72E+008"
"Czech Republic","16833,3143949493","CZE","10,552","2,3991765667",,"-1,6777853347",,"80,1729566385",,"1,44","9,29E+009","1,74E+011","5,9505109684",14240,22160,"1,47E+011","2,29E+011","27,0277252398","14,128661851",97,"75,1411869248",,"38,8798478848","3,6178533416","48,299058656","76,7141463415",,"42,2055959837","138,6587416967","1,4553647632","128,0087689759","3,9",,,"0,6312215504","1,03E+007",,"93,2187631509","100,6182038885","1272,4788468535","31,2106879713",,"58,7209755484",78870,17,,"1,33E+009"
"Denmark","57050,790179547","DNK","6,008","1,3375457248",,"4,7559553959",,"52,139381384",,"1,85","1,19E+010","3,12E+011","1,7995690258",55450,36800,"3,03E+011","2,01E+011","23,3807402027","16,6806222041",89,"50,9917240387",,"25,6939162704","1,5066909762","80,7132663595","78,2763414634",,"89,1414537061","64,6534479551","1,3400831723","115,5380139809","4,4","98,8956231845",,"0,4434660543",5461438,"0,2","100,6731091498","101,6250161404","1098,6117575628","40,3829987297",,"72,9685380049",43090,6,,"1,03E+009"
"Djibouti","981,6187086763","DJI","22,983","3,8552765333",,,,"59,1994164562","4,72E+008","3,949","1,95E+008","8,18E+008","4,2639970337",1070,2240,"8,95E+008","1,87E+009","38,8737880112",,74,"80,0026149368",,"16,8856594255","3,1009668483",,"54,7565853659",,,"64,9763623921","4,2217466402",,"127,4","85,2758620449","1,12E+008","1,7540855724","832991,99015799","3,1",,"78,8526848359","360,147520678",,,"79,2590640413",23200,37,,"2,86E+007"
"Dominica","4684,9465905319","DMA",,,,,,,"2,90E+008",,"4,64E+007","3,41E+008","5,3883992978",4500,7880,"3,28E+008","5,74E+008",,"6,1818398466",96,,,,"3,2133069335",,,,,"68,1948001173",,,"11,4",,"1,94E+007","0,5479794838","72793,4303504229",,,,,,,,750,14,"11,6435958305","2,60E+007"
"Dominican Republic","4248,239237619","DOM","108,7","6,5713335868","97,8",,"72,9","29,1105337645","1,03E+010","2,4","1,70E+009","4,13E+010","8,4746247783",4070,7340,"3,96E+010","7,14E+010","18,9225810713",,96,"39,8749738219",,"31,5574236378","5,7008572546","17,2430528556","72,2997560976",,,"50,2394394911","0,5577585802","56,6841797167","37,6","94,6987951807","1,28E+008","1,1468337819","9725568,981593","1,1","88,8968738771","103,5511834046","2158,7425928227",,,"61,8712427754",48730,22,"8,6193911422","3,41E+009"
"Ecuador","3432,5947549058","ECU","82,8","6,9064235561",,,,"32,6889565162","1,75E+010","2,578","1,83E+008","4,58E+010","2,4909363072",3150,7100,"4,21E+010","9,48E+010","23,0705984123","6,7324007523",99,"33,4370192934","3,4","35,6422705287","6,9757070448","8,6352490727","74,9980487805",,"9,3175547672","61,6179236038","2,8609257685","74,5149145609","22,2","114,1660319878","2,15E+008","1,0367637437","1,33E+007","0,3","106,0072776797","100,3139138591","32384,8265346304",,,"57,4513059152",283560,65,"18,7486440028","3,09E+009"
"Egypt, Arab Rep.","1629,7124952996","EGY","39,023","14,0702182766",,"-4,5580371427",,"30,250231039","3,04E+010","2,886","1,16E+010","1,30E+011","7,0747456971",1500,5090,"1,20E+011","4,07E+011","20,8515795844","0,1631013058",97,"34,8287169619",,"36,3445200417","12,6076366182","13,1555995001","70,0119512195",,"106,7547751191","43,1680199633","2,5021895501","37,5531341657","36,2","130,5809638235","1,08E+009","1,8384923571","8,01E+007",,"98,4515399499",,"22,4829860003","27,1175396694",,"49,5852616818",1001450,9,"4,3784851922","7,66E+009"
"El Salvador","3336,0729198343","SLV","82,7","12,1300830317",,"0,8241461571",,"26,1309148005","8,81E+009","2,349","1,53E+009","2,04E+010","4,6500227998",3200,6330,"1,96E+010","3,86E+010","20,399948951","3,5281992133",98,"50,07132436",,"28,7577176921","4,3624993239","12,494348477","71,1590243902",,"33,0983772322","62,3189970843","0,5988435448","100,5014114684","23,8","95,4623287671","8,81E+007","0,4111762615",6106761,"0,8","90,9288634396","101,1575587826","2906,6144884334","19,1551397465",,"59,1121992761",21040,26,"11,0113520069","3,71E+009"
"Equatorial Guinea","19582,0217647193","GNQ","122,805","2,6777005439",,,,"81,8945338437",,"5,358",,"1,26E+010","21,4424770576",9710,16230,"6,24E+009","1,04E+010","35,2728739082",,51,"30,2860622212",,"94,569328147","-1,1638416958","1,5571230594","50,0509756098",,,"103,1348362469",,"34,2567073076",206,"185,9951324792","3,14E+007","2,6533501889",642210,"3,4","66,7235633585",,"40485,1995453201",,,"2,7529713091",28050,136,,
"Eritrea","283,8104378683","ERI","66,873","24,3",,,,"6,2629307564","8,75E+008","5,047",-2820000,"1,37E+009","1,3251609649",270,620,"1,31E+009","3,01E+009","10,5618146486",,95,"34,4762500446",,"19,2221188321","5,8563607828","2,4784311117","57,8682926829",,,"38,2055578893",,"1,7420892284","70,4","70,5652008244","1,55E+008","3,1397465765","4841772,66154327","1,3","46,3815211663","77,7567770022","578,3005927229",,,"56,4778811679",117600,84,,
"Estonia","15621,3109005752","EST","21,405","2,7736938134",,"3,1750031076",,"74,3861039832",,"1,64","2,69E+009","2,10E+010","6,3329212056",12840,18830,"1,72E+010","2,53E+010","37,8936997575","11,8405073452",96,"85,2726480556",,"30,3780033988","9,5889035049","63,69768468","72,9097560976",,"28,805780297","127,3684275431","2,2010732063","147,7148662266","5,6",,,"-0,1396534364",1341672,"1,3","100,3409750435","100,7335895135","9474,7449451133","32,6826097638",,"66,8483027878",45230,7,,"4,26E+008"
"Ethiopia","246,6075424888","ETH","104,397","46,2921265327",,,,"12,8278993707","2,63E+009","5,381","2,23E+008","1,94E+010","11,1023909964",220,780,"1,76E+010","6,17E+010","24,9529754887","2,5226170926",65,"32,2491074963",,"13,3843105785","16,8371211383","0,3700118587","54,98",,,"36,2634622782","1,9032128784","1,5366274612","118,6","110,178931667","2,42E+009","2,5999806496","7,86E+007","2,1","46,2778453122","82,6235189256","1551,2524659828",,"12,8","40,3235628888",1104300,16,"4,1368126588","3,58E+008"
"Faeroe Islands",0,"FRO",,,,,,,,,,,,,,,,,,,,,,,"77,511368334",,,,,,"107,8317486565",,,,"0,2721765963",48380,,,,,,,,1400,,,
"Fiji","4016,3310173812","FJI","31,549",,,,,,"3,87E+008","2,753","2,69E+008","3,35E+009","-6,6",3690,4210,"3,08E+009","3,51E+009","15,2339079085","4,9339393181",81,,,,"6,140853378","10,9555807537","68,7748780488",,"15,584133488","76,2580777165","1,3962729263","63,5337381544","17,86","95,8743554238","5,75E+007","0,5314994952",834278,"0,1","90,0327510917","104,0743953281","34221,2068399263",,,,18270,46,,"1,65E+008"
"Finland","46260,8807587326","FIN","11,388","3,1889725918",,"5,5337073938",,"44,8134079962",,"1,83","1,16E+010","2,45E+011","4,3996409496",44310,34760,"2,34E+011","1,84E+011","22,255662652","21,4488259998",98,"40,1456709872",,"32,2551690976","2,5051841533","78,8233636872","79,2595121951",,"150,8897532207","70,2397780727","1,2323855023","114,9616542377","3,5",,,"0,4254298321",5288720,"0,1","97,9409684071","102,2259838864","20231,7384924897","38,9026566495",,"64,5558583106",338150,14,,"7,72E+008"
"France","41969,9236128925","FRA","6,885","2,2020694438",,"-2,2961128376",,"26,5242042308",,"1,96","1,59E+011","2,59E+012","2,1728416149",38790,33850,"2,47E+012","2,09E+012","22,1258491583","18,8559533725",87,"28,4479544498",,"20,5696825923","2,464143823","51,1626933133","80,9658536585",,"107,0033517553","45,2669850497","2,3397119237","89,7111112321","4,3","101,3812839092",,"0,5761449799","6,17E+007","0,4",,"99,9452897043","2892,6992355106","41,8398497232",,"77,2282479639",551500,7,,"1,37E+010"
"French Polynesia",0,"PYF","52,194",,,,,,,"2,262","5,82E+007",,,,,,,,"2,232336619",,,,,,"28,5584936955","74,1775609756",,,,,"66,5782259624",,"86,4427726065",,"1,2922629996","262618,892997581",,,,"38077,9915940477",,,,4000,,,"6,66E+008"
"Gabon","8135,4105660219","GAB","89,914","4,8475143868",,,,"64,7230987219","5,75E+009","3,35","2,69E+008","1,16E+010","5,5533538866",6450,12320,"9,18E+009","1,75E+010","26,1767062353",,55,"35,9071117636",,"60,2441800792","5,2246392381","5,7670045756","60,3017073171",,,"72,6166574615","1,0642200908","82,2149798647",91,"182,7881188328","4,84E+007","1,8647600945",1421882,"5,9",,,"115340,091512517",,,"34,9083055341",267670,58,,"1,10E+007"
"Gambia, The","398,3321352011","GMB","88,132","28,7084689731",,,,"33,3","7,33E+008","5,098","6,85E+007","6,44E+008","6,305",330,1200,"5,41E+008","1,94E+009","23,2","2,0616309986",85,"49,8",,"14,7933112322","5,6850443945","6,2050374185","55,7502439024",,,"51,819277767","0,7059279204","49,5429307154","108,6","82,5273373206","7,24E+007","2,8012814654",1615510,"0,9","71,5837913844","100,2810783387","1856,9987186709",,,"56,4982197947",11300,32,"12,4381574892","4,73E+007"
"Georgia","2313,3485485249","GEO","44,651","10,924765686",,"0,7624146097",,"31,5153486475","2,29E+009","1,407","1,73E+009","1,02E+010","12,4298079289",2090,4680,"9,18E+009","2,06E+010","34,6065077323","7,1196207583",97,"57,7416560371",,"24,0753707276","9,6404450806","8,1844454781","70,8258536585",,"13,6504803061","63,4565524381","9,1536815791","59,1033819209","30,2",,"3,82E+008","-0,7788791231","4398587,55202644","0,1","91,7435773536","98,2929309894","13215,6059899772","24,0313555595",,"64,9998635864",69700,11,"4,6311085965","6,95E+008"
"Germany","40323,7127646122","DEU","7,732","0,9176212752",,"-0,3502764254",,"46,7043485436",,"1,39","5,15E+010","3,32E+012","2,4848851325",38990,34740,"3,21E+012","2,86E+012","18,3166927964","14,2179777418",94,"39,6971697335",,"30,0918081697","1,8444440367","72,2897820847","79,6853658537",,"63,4692070938","71,6845495009","1,2826965921","118,0903612795","4,4","97,1722919287",,"-0,1313057081","8,23E+007","0,1","103,170731405","98,5573967158","1300,6215743436","28,4602689991",,"68,9905705551",357050,18,,"9,84E+009"
"Ghana","655,3882202495","GHA","64,036","33,9603791888",,"-7,7028863023",,"33,7381462309","4,48E+009","4,308","9,70E+008","1,50E+010","6,0999994751",600,1350,"1,38E+010","3,10E+010","34,0545889136","1,0275887906",95,"60,1771902703",,"26,0670085807","13,8411354855","3,8476730716","56,4931707317",,"15,8793953158","81,8420440028","0,8374733854","33,2476249582","115,2","143,27282529","1,15E+009","2,1104741972","2,29E+007","1,9",,"95,1819829185","1324,8237962489","25,7457610362",,"39,9726122305",238540,42,"3,0805768192","1,17E+008"
"Greece","27994,5849326438","GRC","8,889","3,5853709917",,"-3,7034497248",,"22,1818250115",,"1,38","1,96E+009","3,13E+011","4,0027662155",25740,27830,"2,88E+011","3,12E+011","25,6856667018","8,1665459167",88,"35,3850010941",,"23,0726423179","2,8752669058","32,8630637111","79,6902439024",,"84,5504058277","31,8688557661","3,2740959001","109,8410612143","4,1","93,3450087566",,"0,4019909606","1,12E+007","0,2","101,4583586683","97,0862806198","5181,640625349","38,9170150344",,"73,3419866904",131960,38,,"2,48E+009"
"Greenland",0,"GRL",,,,,,,,,,,,,,,,,"11,4975005889",,,,,,"91,6188560555",,,,,,"116,9902315785",,,,"-0,030167251","56756,8754280442",,,,"1,06E+007",,,,410450,,,
"Grenada","5752,3983960094","GRD","42,403",,99,,,,"5,25E+008","2,302","1,40E+008","6,08E+008","14,6534596526",5350,7730,"5,65E+008","8,17E+008",,,98,,,,"4,9586813285","21,7662868607","68,623902439",,,"62,8761024704",,,19,"98,1596086841","2,27E+007","0,0672141648",105668,,"81,1299000769","96,9927349833",,,,,340,20,"7,7626018112","5,54E+007"
"Guam",0,"GUM","51,542",,,,,,,"2,539",,,,,,,,,,,,,,,"46,1808503552","75,537804878",,,,,,,,,"1,2775082638","173231,976857778",,,,,,,,540,,,
"Guatemala","2549,4712338651","GTM","107,2","10,5796589737",,,,"25,2834418491","6,26E+009","4,152","7,24E+008","3,40E+010","6,2687224695",2470,4550,"3,30E+010","6,07E+010","20,4667494353","3,4798892823",93,"41,8438904237",,"27,5037203777","6,9133819261",,"70,1641463415",,,"60,1622131421","0,4147369082","89,1321948326",39,"88,7481371088","4,50E+008","2,4238380422","1,33E+007","0,8","77,0754883502","93,0657328252","8180,8650021175",,,"61,9166206486",108890,26,"5,1548382239","4,25E+009"
"Guinea","474,6283307469","GIN","152,312","16,7343959808",,,,"37,2446861267","3,27E+009","5,451","1,11E+008","4,56E+009","1,5090875626",390,1100,"3,72E+009","1,05E+010","12,6176176071",,71,"39,4836997986",,"45,1558532715","17,3829898834","0,7800252791","57,5558536585",,,"51,3850286887",,"20,8006741082","150,3","173,1477903652","2,24E+008","2,1359143964",9615073,"1,6","64,2009642808","76,1458039786","23504,7617423185",,,"38,109752655",245860,41,"13,1421147763","1,51E+008"
"Guinea-Bissau","247,8614159913","GNB","129,169","53,1400777692",,,,"27,95404814","7,44E+008","5,727",7000000,"3,82E+008","0,6",220,510,"3,40E+008","7,91E+008","24,3092757112",,76,"44,5842450766",,"13,1007394275","9,5957427929","2,2063022375","47,6219512195",,,"57,8588018069",,"19,2222784613",198,,"1,23E+008","2,2399634665",1541040,"1,8",,,"10382,5987644707",,,"33,7591828034",36120,233,,"2,90E+007"
"Guyana","1411,9348382","GUY","62,691",,,,,,"7,34E+008","2,334","1,52E+008","1,08E+009","-2,1290322581",1170,2330,"8,94E+008","1,78E+009",,,96,,,,"21,4006056249","24,8658552545","66,9187804878",,"24,3199086183","161,0917960304",,,"60,2","91,636017956","1,24E+008","-0,0226384529",764100,"2,5","115,9514380316","95,9747087458","315403,74296558",,,,214970,44,"2,4235151376","2,78E+008"
"Haiti","698,6591725759","HTI","46,4",,,,,"11,0108310541","1,60E+009","3,75","7,45E+007","6,72E+009","3,4406300176",520,1060,"5,04E+009","1,01E+010","25,7125427728",,58,"34,4173813977",,,"19,3762787854","10,404144872","60,8795121951",,,"35,3448873789",,"26,0103621801",76,"83,9339339339","7,01E+008","1,7380153233","9611553,9748693","2,2",,,"1353,5792478528",,,,27750,202,"4,6721062542","1,22E+009"
"Honduras","1722,2108489259","HND","93,1","13,3841408661",,"-1,0646784755",,"51,4897704205","3,26E+009","3,308","8,16E+008","1,22E+010","6,3003877858",1590,3610,"1,13E+010","2,56E+010","33,4788492268","1,2049414907",89,"78,4044344054",,"28,0641907728","7,0022822927","5,9709009308","70,2070731707",,,"115,6632700431","0,6863755758","58,9099142438","23,9","80,8388157895","4,64E+008","1,9200995594","7103785,59147592","0,7",,"106,3256012192","13503,9267112888","22,1362639024",,"58,5516683611",112090,21,"3,6890616142","2,62E+009"
"Hong Kong, China","29897,7648808665","HKG","5,712","0,0577735059",,,,"207,9679045406",,"0,966","5,44E+010","2,07E+011","6,3804665136",31570,43960,"2,19E+011","3,04E+011","20,9349702959","19,3284340471",,"197,1462724189",,"7,6983358003","2,9269506113","57,196898598","82,2756097561",,"561,4390349537","347,4775287318",,"155,2379040991",,"96,7808332926",,"0,9983395695",6925900,,,,,,,"92,2438906938",1092,11,,"3,17E+008"
"Hungary","13798,7497672668","HUN","20,172","3,9616414149",,"-4,9266456575",,"80,3638703494",,"1,32","3,72E+010","1,39E+011","1,2",11670,17470,"1,17E+011","1,76E+011","22,5016832222","25,2213415149",99,"78,7728402606",,"29,7282791529","5,8969203166","51,8648578231","73,0885365854",,"34,3413839208","137,8572408413","1,2802692999","109,6874633295","6,8","95,4520217326",,"-0,1549151581","1,01E+007","0,1","92,246132119","99,244647205","596,6717648954","37,9836813301",,"66,3100794322",93030,16,,"2,53E+009"
"Iceland","64189,8609969691","ISL","15,064",,,"4,9018165834",,"35,3095414855",,"2,451","3,04E+009","2,00E+010","3,8447125732",57750,34070,"1,80E+010","1,06E+010","27,7137884196","57,1229965428",95,"45,9553202123",,,"5,5090041701","65,0395341434","81,1907317073",,"203,1525314312","57,5423929096",,"105,351177021","2,5",,,"2,347292693",310997,"0,2","96,7783505155","103,0855640483","546629,06716142","35,5498076137",,,103000,5,,"4,13E+007"
"India","1046,3227772915","IND","68,141","18,1119315178",,"-1,4076512682",,"21,159355549","2,21E+011","2,68","2,30E+010","1,18E+012","9,060396554",950,2740,"1,07E+012","3,08E+012","38,7294321887","5,3175340505",67,"24,7234195706",,"29,5053197349","4,8876774143","7,2013634767","64,7458536585",,"154,5684139019","30,9113784024","2,4685607825","20,7701547585","71,8","99,2722805783","1,30E+009","1,3403818399","1,12E+009","0,3",,,"1120,6921872793","13,5984248634",,"52,3827487472",3287260,33,,"3,87E+010"
"Indonesia","1914,3430487634","IDN","39,829","13,7135610184","79,4",,"61,4","29,4474329438","1,41E+011","2,182","6,93E+009","4,32E+011","6,2781345752",1650,3560,"3,72E+011","8,03E+011","24,9450802301","10,8324377888",80,"25,4036379263",,"46,8333800333","11,2843103829","11,0800836521","70,6114634146",,"49,0105640716","48,8020751912","1,2219061229","41,3893776963","31,2","104,8807405581","7,96E+008","1,1538335822","2,26E+008","0,2","104,8146706531","97,5812864731","12578,1109618568",,,"39,4530589483",1904570,105,"10,4645990907","6,17E+009"
"Iran, Islamic Rep.","4027,791452485","IRN","18,337","10,2166925831",,"10,5977145191",,"32,1789541755","2,06E+010","2,04","7,54E+008","2,86E+011","7,8247883186",3540,10840,"2,51E+011","7,70E+011","33,1589699134",,97,"21,5382245122",,"44,4749355457","20,462334958","18,3044351449","70,9504878049",,"15,9316729902","46,7300446612","2,8732398576","41,9171564817","32,8","160,2066126669","1,02E+008","1,3083136382","7,10E+007","0,2","105,4809497196",,"1809,3230123961","37,1717834866",,"45,3083718712",1745150,28,,"1,12E+009"
"Iraq",0,"IRQ","85,541",,,,,,,"4,107",,,,,,,,,"0,0468780943",69,,,,,,"67,4695121951",,,,,,"44,3",,"9,11E+009",,,,,,,,,,438320,77,,"3,89E+008"
"Ireland","59323,5885757668","IRL","15,946",,,"0,4141103249",,,,"1,9","2,61E+010","2,59E+011",6,47610,37700,"2,08E+011","1,65E+011",,"28,0705310461",87,,,,"2,193338749","56,1476325027","79,3926829268",,"55,6046394922","79,3022789749","0,5299893529","114,1205622381","4,2","91,3152344265",,"2,4440863154",4366193,"0,2","96,5665707847","102,632945321","11222,5913971279","33,3073156278",,,70270,13,,"5,80E+008"
"Isle of Man",0,"IMY",,,,,,,,,,,,,,,,,,,,,,,,,,,,,,,,,"0,1279431759",80556,,,,,,,,570,,,
"Israel","22834,9271516507","ISR","14,305",,,"0,2934294605",,"43,1660807183",,"2,9","9,66E+009","1,64E+011","5,3688980216",22170,26310,"1,59E+011","1,89E+011","20,110399791","7,5448892311",97,"44,857115709",,,"-0,2409155093","27,854765254","80,6048780488",,"144,1600315128","69,0001392409","8,5574684657","123,9815601454",5,"91,7215502174",,"1,7761008692",7180100,"0,1","102,1940358465","100,8826889837","104,4553697024","40,2279111338",,,22070,34,,"1,04E+009"
"Italy","35396,1777175223","ITA","4,895","2,0356480605",,"-1,7533241066",,"29,1943670124",,"1,34","4,00E+010","2,10E+012","1,4567050718",33490,30190,"1,99E+012","1,79E+012","21,4885456612","6,6907819385",87,"29,5007737992",,"27,029929436","2,2643645126","53,895008246","81,3129268293",,"51,0407489718","47,4383215366","1,7955893573","151,2445511094","3,7","98,0226483529",,"0,7322816923","5,94E+007","0,4","101,8610265733","98,8155758616","3073,6996890309","37,8628917872",,"70,9344225035",301340,13,,"3,16E+009"
"Jamaica","4884,5317997985","JAM","77,328","5,3171365804",,"-25,2530579506",,,"1,01E+010","2,429","8,66E+008","1,31E+010","1,4287502851",4420,7170,"1,18E+010","1,92E+010",,"2,3382166738",76,,,"25,3383807271","11,2062072934","56,0580013454","72,5258536585",,"94,3741507922","66,016075515","0,6499241643","100,3188205397","31,1","101,5698603264","2,60E+007","0,4757543297",2675800,"1,6","90,94614963","102,8714681138","3514,4629643471","56,3477801794",,"69,3444826925",10990,8,"17,3068587459","2,14E+009"
"Japan","34313,4269074899","JPN","4,731",,,,,,,"1,34","2,22E+010","4,38E+012","2,1",37800,34750,"4,83E+012","4,44E+012",,"18,9440709982",98,,,,"-0,6479481641","68,9594449434","82,5070731707",,"101,5788922106","30,4857084692","0,9305646386","84,0090552806","3,5","86,0479957817",,"0,0115447796","1,28E+008",,,"100,293001732","3365,4024884412",,,,377910,23,,"1,58E+009"
"Jordan","2890,8727469836","JOR","24,539","3,1827212063","99,1","-4,8509026818","57,1","55,4245064411","8,37E+009","3,6","1,84E+009","1,65E+010","6,5811833983",2960,5300,"1,69E+010","3,03E+010","26,2310977017","1,1159931162",95,"95,1189841015",,"29,418776425","4,5320850411","19,7017933046","72,5902439024",,"249,3056972959","117,4165486999","6,2449186828","83,4369985591","24,4","92,372254838","5,04E+008","3,2207424185","5718855,04320754",,"101,7599795944","102,2187860716","119,2546401067","30,9524446355",,"67,3985023687",88780,14,"5,6504664456","3,43E+009"
"Kazakhstan","6771,6433662803","KAZ","30,677","6,0965889198",,"1,1697610989",,"49,4349504747","9,61E+010","2,36","1,02E+010","1,05E+011","8,9",4970,9510,"7,69E+010","1,47E+011","35,617774106","23,2453652984",99,"42,6013537649",,"40,6392092544","15,5270972953","12,27466708","66,4132313499",,"39,4622123331","76,7842896937","1,2996317295","79,5822580437","31,6",,"2,02E+008","1,1438049117","1,55E+007","0,1","100,6833646298","99,1678809784","4870,7714961057","15,9050155917",,"53,2642018258",2724900,21,"49,5895509127","2,23E+008"
"Kenya","718,0865808893","KEN","103,544","26,0832573383",,"-3,0119127892",,"26,1295691146","7,35E+009","4,959","7,28E+008","2,70E+010","6,960898695",660,1550,"2,48E+010","5,81E+010","20,1777492626","5,4112215945",80,"37,3427980075",,"17,8956245548","4,6546330162","7,993450559","54,0636585366",,"49,6713758326","48,4968884352","1,8355334269","30,2403212321","121,2","83,7821269052","1,28E+009","2,6383281124","3,75E+007",,,"95,1774427811","551,5480885741","18,9353656157",,"56,021118107",580370,44,"6,0409869857","1,59E+009"
"Kiribati","1436,543013675","KIR",,,,,,,,,,"1,37E+008","-0,5",1800,3410,"1,71E+008","3,24E+008",,,93,,,,"7,5801542926","2,1037794398",,,,"58,5249141474",,"0,7889172899",63,,"2,71E+007","1,6053785559",95067,,,,,,,,810,21,,7000000
"Korea, Dem. Rep.",0,"PRK",0,,,,,,,"1,85",,,,,,,,,,99,,,,,0,"67,1087804878",,,,,0,55,,"9,81E+007","0,3169232946","2,38E+007",,,,"2817,1617542524",,,,120540,,,
"Korea, Rep.","21653,3752515059","KOR","5,472","2,8817236752",,"4,2584560411",,"41,9229487197",,"1,26","1,58E+009","1,05E+012","5,1058239721",21210,26880,"1,03E+012","1,30E+012","29,4270537931","33,4669853891",92,"40,4124047577",,"37,1231003839","2,0803532364","75,9344560013","78,9692682927",,"107,0905489589","69,4157495439","2,4348393303","89,7670876672","4,84","71,9635583657",,"0,328672275","4,85E+007","0,1","102,3643260518","95,6871408387","1338,3275548952","24,5768825646",,"59,995175941",99260,17,,"1,13E+009"
"Kuwait","42101,9997399302","KWT","13,191",,,"16,3405674888",,"65,4439239502",,"2,184","1,19E+008","1,12E+011",,,,,,"19,6790294647",,99,"30,0869941711",,,,"33,7969012015","77,8982926829",,"167,7240736272","74,4750678256","3,9037719371","104,1578436666","11,1","194,2986380995",,"2,4143157881","2662966,03535597",,"98,1585751915","99,8970926332",,"48,3213475655",,,17820,35,,
"Kyrgyz Republic","715,3329384167","KGZ","32,281","33,570253667",,"-1,5392807411",,"44,6849861252","2,40E+009","2,7","2,08E+008","3,74E+009","8,211328461",610,1980,"3,20E+009","1,04E+010","25,9772134979","2,4426440717",99,"89,8858957534",,"18,9323518772","13,4839854935","14,3271949263","67,6951219512",,"3,2312983097","94,8559636034","3,1026966842","41,421429663","38,4",,"2,74E+008","0,8190399582",5234800,"0,1","94,723949671","100,4554366958","8873,3093909987","21,0417986768",,"47,4973944558",199900,21,"6,7489666707","7,15E+008"
"Lao PDR","705,7903352749","LAO","37,416","39,8959542422",,"-2,8931965169",,"35,7309883526","3,34E+009","3,543","3,24E+008","4,30E+009","7,859",610,1920,"3,73E+009","1,17E+010","38,0241404955",,40,"50,9685199645",,"30,7486308115","5,3780950296","1,6414075924","64,7507317073",,,"46,2693507986","0,340469643","24,2667175722","70,2","113,9892189577","3,96E+008","1,8033439439",6092332,"0,2","76,9254999775","85,9518589689","31255,6833737886","12,9888444072",,"29,3554149463",236800,100,"18,8999598232",1000000
"Latvia","12638,2242446254","LVA","15,206","3,2762871995",,"0,8081893247",,"41,9292417405","3,93E+010","1,42","2,25E+009","2,88E+010","9,977597441",10090,16770,"2,30E+010","3,82E+010","35,1429982612","7,4186858872",97,"61,0606296389",,"22,048615346","20,2951181197","55,0228021616","71,2170731707",,"10,8163974993","82,2932931848","1,6982523562","97,4038047537","8,6",,,"-0,5191893957",2276100,"0,8","89,5430373194","99,7903189728","7354,6856465006","26,5752812942",,"74,6750974545",64590,16,"73,2635632278","5,52E+008"
"Lebanon","6036,33392784","LBN","16,199","6,4124458075",,"-11,2912743447",,"24,9308196476","2,46E+010","2,209","2,84E+009","2,47E+010","7,5",6190,10910,"2,54E+010","4,47E+010","17,6649214091",,53,"49,0982568586",,"23,9920255023","3,9290639128","38,3200134666","71,9673170732",,"43,9038879328","63,9876944797","5,1284167617","30,7536413808","29,4","98,7863004081","9,39E+008","1,0248586663","4097075,80444739","0,1","81,5260027838","103,2801465635","1171,5672906978","21,1723601446",,"69,5955286902",10400,46,"18,6969891723","5,77E+009"
"Lesotho","832,3575585238","LSO","73,464","7,3921279115",,"8,7968628753",,"52,7175454695","6,80E+008","3,373","1,30E+008","1,67E+009","5,064246596",1040,1880,"2,08E+009","3,77E+009","26,5267824915",,85,"102,6086394718",,"36,056078754","9,1608661099","3,489834608","42,5573170732",,,"151,8359106462","2,3858498907","22,7337797324","83,5","78,9453721923","1,30E+008","0,5467895794","2005825,71559871","23,2",,,"2607,4050000096","60,2566574375",,"56,5517933345",30350,73,"6,9954449823","4,43E+008"
"Liberia","202,61249921","LBR","141,572","53,9719439151","46,3",,"11,4","33,2698066975","2,48E+009","5,145","1,32E+008","7,35E+008","9,4000042097",150,280,"5,31E+008","1,02E+009",20,,95,"83,7734821672","6,44","18,5697250204","15,9617188558","0,5513765806","58,0365853659","20,4",,"95,4780549286","0,490773241","15,5212507426","132,8",,"6,96E+008","4,4035935659",3627285,"1,7",,,"55137,6580555429",,,"27,4583310645",111370,68,"111,6103578897","6,46E+007"
"Libya","9475,0997222864","LBY","3,16",,,,,,,"2,724","4,69E+009","5,83E+010","6,8",9010,14710,"5,55E+010","9,06E+010",,,98,,,,"5,3908494933","4,7315940842","74,2219512195",,,"93,8057142857","1,0979591837","73,0936264291","17,8","172,008029155","1,90E+007","1,9327091732","6156487,53502059",,,,"97,4581685721",,,,1759540,,,"1,60E+007"
"Liechtenstein",0,"LIE",,,,,,,,,,,,,,,,,,,,,,,"65,2167748887",,,,,,"90,7732441092","2,5",,,"0,6543036543",35267,,"113,9364303178","91,8623357901",,,,,160,,,
"Lithuania","11521,9695943056","LTU","21,891","4,4060315456",,"-0,8823226719",,"54,3840503288",,"1,35","2,02E+009","3,89E+010","8,9246432497",9910,17090,"3,34E+010","5,77E+010","30,5179302355","11,0557722331",97,"67,7992473917",,"32,7996860229","8,8232229931","49,2078487554","70,8846341463",,"26,0561538058","107,0245824343","1,5447524779","145,5163765568","8,2",,,"-0,545490813",3375618,"0,1","94,8224417922","99,7191976358","4609,5263148851","28,8432595908",,"62,7942824315",65300,26,,"1,43E+009"
"Luxembourg","103042,443977537","LUX","12,284","0,3905401145",,"3,2206019217",,"172,5000830169",,"1,61","1,88E+011","4,95E+010","4,4564259385",79060,65050,"3,79E+010","3,12E+010","19,1129915987","8,8512281688",96,"141,9429286165",,"14,3847921965","2,1914305677","75,8165223243","79,1756097561",,"335,8339007945","101,0470700438","0,7416180556","142,6062463411","2,8",,,"1,5443868465",479993,"0,2","84,0780688238","102,0393498843","2083,3637157209","38,4011857898",,"85,2246676889",2590,26,,"1,57E+009"
"Macao, China","36249,2373857427","MAC","5,184",,,"16,2370819741",,"88,320622843",,"0,953","4,37E+009","1,86E+010","25,267142729",35360,52260,"1,81E+010","2,68E+010","36,7700054732",,,"54,640343752",,"17,6900765902","4,926084918","46,3868900514","80,6229268293",,,"42,5205938392",,"154,8158557407",,"91,0871905163",,"2,5987898718",513076,,"102,6172839506","96,8103734154",,"28,7239027619",,"82,3099234098","28,2",,,"3,99E+008"
"Macedonia, FYR","3891,2817897784","MKD","21,686","11,9589361217",,,,"53,1623927282","3,76E+009","1,426","3,20E+008","7,93E+009","5,8610861276",3410,9050,"6,95E+009","1,84E+010","22,4202907018","0,8267463204",96,"72,2427826222",,"29,5301397029","7,6514727493","27,2964335593","74,1319512195",,"34,2551027672","108,2927153385","2,0523710219","95,5663093513","16,6",,"2,13E+008","0,032193353","2037031,68325141","0,1","93,7900812313","98,2685208472","2650,9160581051",,,"58,5109241754",25710,15,,"3,45E+008"
"Madagascar","394,9116414146","MDG","132,773","26,1710302428",,"-2,6628611198",,"30,3970321085","1,66E+009","4,776","9,97E+008","7,35E+009","6,2406127198",340,980,"6,36E+009","1,82E+010","27,465913805","1,0694452139",81,"46,7989668293",,"17,4497987934","9,6821875158","0,6503850037","60,1107317073",,,"52,7134038218","1,1185379286","11,9198478422","111,8","74,8414232952","8,92E+008","2,7183840237","1,86E+007","0,1","61,5150216265","96,4732641226","18114,0286164027","11,8833469531",,"56,3791709638",587040,7,,"1,10E+007"
"Malawi","257,6035940255","MWI","135,239","34,3077322975",,,,"23,554772298","8,70E+008","5,593","5,46E+007","3,59E+009","8,6",250,760,"3,55E+009","1,06E+010","25,8367485059","2,1318427049",83,"44,526441902",,"20,3718621667","7,393436825","1,0019064648","48,2607317073",,,"58,2244198201","1,1602675609","7,5491905723","110,5","84,589816752","7,35E+008","2,541708631","1,39E+007","11,9","55,3630086736","99,7964441189","1159,4776032897",,,"45,3204055357",118480,37,,1000000
"Malaysia","7032,845125979","MYS","12,797","10,2359689903",,,,"110,1722930156","5,37E+010","2,597","8,46E+009","1,87E+011","6,3471186384",6420,13230,"1,70E+011","3,51E+011","21,9354878915","51,6612517898",90,"89,9116635429",,"47,7164944599","5,1974443684","55,7173962285","74,2875609756",,"174,4137589517","173,0911909884","2,1264629267","87,9375671613","11,2","100,095178785","2,00E+008","1,6550315634","2,65E+007","0,5",,,"21845,9711969588",,,"42,0475365498",329740,24,"4,6329623056","1,80E+009"
"Maldives","3452,347238767","MDV","13,41",,,"-8,7719558289",,,"5,62E+008","2,631","1,50E+007","1,05E+009","7,3047858942",3220,4970,"9,84E+008","1,52E+009",,,97,,,,"7,3181056697","16,2769229928","68,4970731707",,,"125,627451271",,"102,6851138477","30,2","94,491697629","3,74E+007","1,6671447131","305340,266228979",,,,"98,2510442219","49,1899503446",,,300,9,"5,0889991521",2982000
"Mali","555,1987390104","MLI","162,9","36,5410468623",,"-5,6282812609",,"27,3156611822","2,02E+009","6,516","3,60E+008","6,85E+009","2,7999702575",560,1180,"6,94E+009","1,45E+010","23,3326020719","7,275829549",68,"37,1267519805",,"24,1874806773","4,0845117817","0,8107559404","54,3107317073",,,"54,1602407584","2,3034734918","20,519349128","195,6","132,262273982","1,02E+009","3,0105461898","1,23E+007","1,5","52,1767826612","75,9572709296","4864,5356425141","16,2435049894",,,1240190,25,,"3,44E+008"
"Malta","18202,8345271349","MLT","11,466",,,"-1,774559834",,"87,7416305542",,"1,3","9,32E+008","7,45E+009","3,7899999619",16680,22460,"6,83E+009","9,19E+009","21,5610980988","52,4716526707",79,"89,933555603",,,"2,4862501621","44,712449016","79,5695121951",,"75,6301370031","105,4398755028","1,5432343804","90,7948983008","5,3",,,"0,6839121562",409197,"0,1",,,"123,4124394851","39,2184446958",,,320,,,"4,34E+007"
"Marshall Islands","2558,8150064945","MHL",,,,,,,,,,"1,49E+008","1,9696688044",3190,,"1,86E+008",,,,94,,,,"1,6996564095","3,7725711969",,,,"78,4082455988",,"1,2861038171",54,,"5,21E+007","2,2585567027","58315,6655019105",,"90,6959152799","98,8894363352",,,,,180,17,,
"Mauritania","847,1006036775","MRT","90,003","12,5404331248",,,,"57,6565198843","1,70E+009","4,37","1,53E+008","2,64E+009","1,9",840,2000,"2,64E+009","6,26E+009","25,9339707193",,67,"64,855491312",,"46,742725812","-2,5572305918","1,4418543479","64,1307317073",,,"111,5824524208",,"45,3052103713","118,5","153,5994411561","3,64E+008","2,5093531021","3120980,98300597","0,8","59,4389524211","102,5887693969","128,1648309227",,,"40,7168410632",1030700,65,,2000000
"Mauritius","5383,1495359111","MUS","39,321","5,266650251",,"-2,2658761829",,"61,8064307378","4,25E+009","1,66","3,39E+008","6,79E+009","4,6754690212",5610,11410,"7,07E+009","1,44E+010","26,7638586742","8,0989035793",98,"71,0646648514",,"27,8114542396","7,0089857648","26,9693152649","72,432195122",,"83,4821392566","90,3713201603","0,1687378862","73,6597043528","15,1","86,4413771797","7,46E+007","0,6130475794",1260692,"1,7","93,5294683204",,"2182,1348909964","20,9325276479",,"66,9218955095",2040,7,"4,8695768568","2,15E+008"
"Mayotte",0,"MYT","43,714",,,,,,,,,,,,,,,,,,,,,,,,,,,,,,,"4,07E+008","2,6084065633",186000,,,,,,,,374,,,
"Mexico","9715,1432057362","MEX","64,8","3,7332191113",,,,"28,3098647041","1,78E+011","2,1339003638","2,47E+010","1,02E+012","3,2029240756",9400,13910,"9,90E+011","1,46E+012","25,966012233","17,0881976291",96,"29,9282285977",,"35,9398110355","4,7261013263","20,9954291279","74,9064048859",,"38,8852851732","55,4374014388","0,412881925","63,2210658695","34,72","104,5948203843","1,21E+008","1,0111256278","1,05E+008","0,3","104,9145228717","99,2056247124","3884,8594004066",,,"60,3269698532",1964380,27,"12,5369809294","2,71E+010"
"Micronesia, Fed. Sts.","2145,7962538695","FSM","25,426",,,,,,,"3,705",,"2,38E+008","-3,604481247",2280,3000,"2,53E+008","3,33E+008",,,92,,,,"3,6521961502","13,5182460345","68,5053658537",,,"65,9386812264",,"24,7257732134","40,2","80,5982335804","1,15E+008","0,3106271742","110961,140681755",,,,,,,,700,16,,
"Moldova","1200,418032516","MDA","33,81","11,9706748675",,"-0,336892093",,"45,5877764768","3,20E+009","1,5","4,93E+008","4,40E+009","2,9878691494",1130,2900,"4,14E+009","1,06E+010","38,1212138125","5,096664888",96,"97,7400110512",,"14,8170432758","15,9204866456","19,0867325668","68,3475609756",,,"114,2987998163","0,5165678759","51,3386752553","18,2",,"2,69E+008","-1,1219537896",3667469,"0,4","92,9134699635","101,6833809805","272,667608097","34,2480758455",,"73,2122818567",33840,23,"9,4693856974","1,50E+009"
"Monaco",0,"MCO",,,,,,,,,,,,,,,,,,99,,,,,,,,,,,,"4,1",,,"0,3062789531",32700,,,,,,,,"1,95",,,
"Mongolia","1506,5825244279","MNG","16,572","22,9606955214",,"7,6828251198",,"64,2856625943","1,60E+009","1,869","3,28E+008","3,93E+009","10,2228440152",1290,3170,"3,36E+009","8,27E+009","40,2378154107","7,5125534241",98,"65,7320872143",,"41,4541854406","12,3284110366","12,2680012463","66,8014634146",,"15,578449573","101,946982235","1,4392739072","35,121370693","43,3","160,269468256","2,28E+008","0,9149434766","2608411,86412632","0,1","110,3817477467","107,0314533252","13341,4513553657","40,5012376773",,"35,585119038",1566500,13,,"1,94E+008"
"Montenegro","6194,0729411552","MNE","14,724","9,2743820468",,,,"46,3264379819","1,17E+009","1,636","8,76E+008","3,85E+009","10,7",5230,12560,"3,25E+009","7,80E+009","24,772974758",,90,"84,9045017078",,"17,665489613","18,1251826789","45,0928510116","73,95",,"96,174","94,692","1,4199288256",,"10,4",,"1,06E+008","-0,0759847874",620941,,,,,,,"73,0601283402",14026,24,,
"Morocco","2434,1324404636","MAR","18,865","13,7308980023",,"2,5250040907",,"35,7997507203","2,03E+010","2,376","2,81E+009","7,51E+010","2,7150445431",2290,4050,"7,07E+010","1,25E+011","32,5305140135","9,0152050815",95,"44,9283605228","6,52","27,3144593349","3,7694994091","21,3864965614","71,1453658537",,"100,5002419021","62,5307131212","3,2061855168","64,9025084209","34,4","98,4245641536","1,09E+009","1,1866441138","3,09E+007","0,1","83,3773053604","88,0709801222","939,7096973966","34,8041912378",,"58,9546426628",446550,12,"11,4288354264","6,73E+009"
"Mozambique","374,8101105087","MOZ","149,197","27,5550565975",,,,"37,5774725767","3,10E+009","5,113","4,27E+008","8,01E+009","7,0219049355",340,730,"7,27E+009","1,56E+010","18,6587318842",,77,"44,3204894069",,"25,7199214208","7,4","0,9357949922","42,0714634146",,,"74,9015274069","0,8559453644","15,4406173706","168,4727961537","127,6072734749","1,78E+009","1,8929184284","2,14E+007","12,5","46,322957715","85,4457411739","4693,0118856588",,,"46,7250219817",799380,29,"1,3182004951","9,94E+007"
"Myanmar",0,"MMR","18,397",,,,,,"7,37E+009","2,067","4,28E+008",,,,1290,,"6,31E+010",,,81,,,,,"0,0819960708","62,0743902439",,,,,"0,5562982423",103,"122,7506739582","1,90E+008","0,8308218232","4,88E+007","0,7",,,"18051,4349779558",,,,676580,,,"1,25E+008"
"Namibia","4190,8441992489","NAM","74,414","10,2880078868",,,,"47,869241909",,"3,6","1,70E+008","8,72E+009","4,0587808728",4100,6070,"8,54E+009","1,26E+010","20,9430984265","5,2382287353",69,"49,7469775615",,"35,9604957397","9,335743452","4,8555748118","52,7773170732","17,5","8,0529475894","73,8946266329","2,6132092357","38,4729787586","67,6","139,3263789087","2,05E+008","1,6250041535","2080083,28396014","15,3","77,0827322562","103,7864643558","2961,419885204",,,"53,7514963735",824290,99,,"1,62E+007"
"Nepal","365,8291209316","NPL","101,386","33,5431300927",,,,"13,0433767568","3,64E+009","2,9588888889",5740000,"1,03E+010","3,3475877619",350,1060,"9,84E+009","2,98E+010","28,1291112887",,81,"31,2982539983",,"17,0847813549","7,7265966168","1,4142620082","63,7124390244",,"47,7451573932","36,8783374282","1,5899958527","11,6299359954","54,7","80,0265133506","5,98E+008","1,6726456096","2,81E+007","0,5",,"96,5531339776","7051,4755422887","11,8634592091",,"49,3720885524",147180,31,"4,4889145288","1,73E+009"
"Netherlands","46749,9685357557","NLD","3,787","2,1231490895",,"0,3384941478",,"75,3019013935",,"1,71","1,24E+011","7,66E+011","3,482564217",45650,39470,"7,48E+011","6,47E+011","19,7272030268","25,7892785607",96,"67,3129748346",,"24,1611386811","1,1945088123","84,1932644846","80,2324390244",,"124,8951044348","136,4532083179","1,4989178553","117,7268708515","5,2","111,6858114425",,"0,2141091979","1,64E+007","0,2",,"97,8635973431","671,504059822","41,3164813051",,"73,7157122293",41530,10,,"2,55E+009"
"Netherlands Antilles",0,"ANT","31,743",,,,,,,"1,85","2,32E+008",,,,,,,,,,,,,,,"74,9287804878",,,,,,,"128,553486455",,"1,310383002","191328,784822707",,,,,,,,800,,,"3,24E+007"
"New Caledonia",0,"NCL","26,422",,,,,,,"2,2","6,59E+008",,,,,,,,"0,5506385896",,,,,,"35,0660066007","75,9463414634",,,,,"72,751650165",,"187,8732928046",,"1,6391866401",242400,,,,,,,,18580,,,"5,86E+008"
"New Zealand","32085,5772275759","NZL","22,55",,,"3,1392468455",,,,"2,2","2,75E+009","1,36E+011",3,27090,25380,"1,15E+011","1,07E+011",,"9,8040857168",79,,,,"4,9479166667","69,1759335903","80,1212195122",,"34,9781847689","42,6198996541","1,0298206419","100,5417543694","5,8","118,1313775583",,"1,0388901102",4228300,"0,1",,"102,2219204577","77336,0452191188","36,8402811824",,,267710,12,,"6,50E+008"
"Nicaragua","1021,6498982442","NIC","112,7","19,3691035501",,"0,4171505109",,"33,2093313834","3,39E+009","2,755","3,82E+008","5,73E+009","3,9008378313",990,2510,"5,53E+009","1,41E+010","31,77062479","4,4625681157",99,"67,152356747",,"29,5674375746","9,1720031004",,"72,8904878049",,,"84,145262917","0,6786976956","37,8754684596","34,6","78,2705099778","8,34E+008","1,2971769384","5604596,02569371","0,2","74,2233047628","102,5432121831","33854,3579466131","19,4794751215",,"51,0634588752",130000,39,"11,7193573465","7,40E+008"
"Niger","299,0964953293","NER","157,368",,,"-0,9333855176",,,"9,72E+008","6,9515","2,70E+007","4,25E+009","3,3000000125",280,630,"4,00E+009","8,97E+009",,"14,4460785795",47,,,,"3,3284746158","0,3888669889","56,8917073171",,,"40,4880212244",,"6,3402226445","175,5","313,8950654991","5,42E+008","3,2823100241","1,42E+007","0,8","39,6040600959","71,4863576611","246,5642139539","13,6383518927",,,1267000,23,,"7,81E+007"
"Nigeria","1121,2161690587","NGA","126,583","32,589910379",,,,"40,1495934211","8,93E+009","5,322","6,09E+009","1,66E+011","6,4498281068",970,1850,"1,43E+011","2,74E+011",,,62,"29,6478856898",,"39,325634397","4,8082499543","6,7575356471","46,8331707317",,"52,0409770582","57,587693515","5,84E-004","27,2974788076","188,8","168,3840268359","2,04E+009","2,2296488318","1,48E+008","3,1",,,"1493,4153780051",,,"28,084455224",923770,34,"1,4234099903","9,22E+009"
"Northern Mariana Islands",0,"MNP",,,,,,,,,,,,,,,,,,,,,,,,,,,,,,,,,"2,049499103",83800,,,,,,,,460,,,
"Norway","82480,3114184899","NOR","8,561","1,4372413206",,"18,045404055",,"45,7983877946",,"1,9","3,79E+009","3,88E+011","3,6566151484",77370,53650,"3,64E+011","2,53E+011","23,0577527597","17,6249519568",92,"30,1445433131",,"43,0382153589","1,6058257238","84,800430141","80,396097561",,"92,0207257848","55,7795527839","1,5126339789","110,2441564332","3,6","133,9693460739",,"1,0347345153",4709153,"0,1","96,7602894266","99,316535485","81118,6215440441","50,3088384048",,"55,5245433205",323800,7,,"6,13E+008"
"Oman",0,"OMN","10,441",,,,,,,"3,089","2,38E+009",,,,,,,,"0,4558883459",97,,,,,"9,063379282","75,7953658537",,,,,"91,6993391412",12,"180,823894356","-3,13E+007","2,0846673923",2726301,,"88,153920922","98,6472744352","513,5162991907",,,,309500,35,,"3,90E+007"
"Pakistan","879,4448316995","PAK","45,691","20,5633884007","38,8","-4,1493990461","29,6","14,1120561628","4,07E+010","3,885","5,33E+009","1,43E+011","6,014541502",860,2540,"1,40E+011","4,13E+011","22,8952169584","1,3743512117",80,"21,2202496442",,"26,6023033417","7,9377941378","10,770463656","65,4836585366",,"49,1710723032","35,2902868094","3,542271972","38,7495137813","90,4","65,5391904665","2,21E+009","2,1646498116","1,62E+008","0,1","63,331409474","79,8479041254","338,5002863327","14,3865077268",,"52,8343082575",796100,24,"8,9004379362","6,00E+009"
"Palau","8148,4357027454","PLW",,"3,4979282415",,,,"67,7604708775",,,,"1,64E+008","2,1",8250,,"1,66E+008",,,,91,"64,0742837317",,"20,7038354093","2,7429809995",,,,,"76,6941182915",,"53,025416247","10,42","93,1484666233","2,23E+007","0,5732008349","20162,0293751165",,,"99,0655457543",,,,"75,7982363492",460,28,,
"Panama","5832,8960103152","PAN","82,6","6,6589344696",,,,"79,9906596734","9,86E+009","2,561","1,91E+009","1,95E+010","11,5430551363",5500,10610,"1,84E+010","3,55E+010","23,4970798649","0,0803289885",89,"75,0166791546",,"16,5086609011","1,937034047","22,3097630609","75,5663414634",,"31,9136379033","41,2398000554",,"90,1224551716","22,7","93,953343733","-1,35E+008","1,6012891029","3340604,72971589",1,"98,8152327221","100,9970251779","44129,7345623221",,,"76,8324046292",75520,18,"5,2791309306","1,80E+008"
"Papua New Guinea","989,665093399","PNG","55,022","35,4585704543",,,,"89,5045523398","2,25E+009","3,785","9,58E+007","6,26E+009","6,2098725226",850,1870,"5,40E+009","1,18E+010","19,6955403781",,58,"68,0112555186",,"44,9385628515","2,4366824892","1,8184413896","57,42",,,"122,5671974945","0,5552291263","4,7437601467","65,1","177,1644314883","3,17E+008","1,95451225","6324097,1449619","1,5",,,"126658,395916343",,,"19,6028666942",462840,56,,"1,33E+007"
"Paraguay","1996,9440473412","PRY","72,3","22,0014388044",,"1,7565549683",,"50,9220902105","3,57E+009","3,083","1,96E+008","1,22E+010","6,7613044269",1710,4520,"1,05E+010","2,77E+010","18,0386876721","6,4003106454",80,"53,9164448293","3,4","19,976947984","10,2275620645","8,6639060162","71,7585365854",,,"81,8586532661","0,773837128","76,6990320285","28,8","99,2340425532","1,08E+008","1,7220512436","6120495,75574082","0,6",,,"15358,2330176164","20,3450148941",,"58,0216132116",406750,35,"6,236542772","4,84E+008"
"Peru","3763,4850055703","PER","54,7","6,6372952167",,"1,9556629234",,"28,8698254444","3,22E+010","2,599","5,34E+009","1,07E+011","8,8567316524",3340,7070,"9,53E+010","2,02E+011","22,9232535217","2,0589129414",99,"22,4017516645",,"36,9644041041","2,0376984797","26,7862535363","73,1343902439",,"98,7593294984","45,0879201793","1,1670106603","54,0795105849","19,9","161,8906942393","2,63E+008","1,1731709042","2,85E+007","0,5","103,8800841551","102,0667971824","56684,8861572106","19,9690148927",,"56,3983006792",1285220,72,"25,016235457","2,13E+009"
"Philippines","1623,5978587436","PHL","44,971","14,1898897876",,"-1,4670985436",,"42,5218926874","6,58E+010","3,11","2,93E+009","1,44E+011","7,0788153288",1600,3660,"1,42E+011","3,25E+011","15,3812828612","53,5882791926",92,"42,2751332509",,"31,564058875","2,9302610296","5,9739725289","71,6956097561",,"71,662314096","75,2982933085","0,9355323793","64,6370481993","28,2","81,6710686342","6,34E+008","1,8418139179","8,87E+007",,"94,1521792697","102,087663865","5399,1185685325","15,7559610946",,"54,2460513375",300000,58,"13,6611544177","1,63E+010"
"Poland","11143,3258538011","POL","13,915","4,3171649594",,"-2,0007385562",,"40,6115721888","1,95E+011","1,31","2,30E+010","4,25E+011","6,7",9870,15600,"3,76E+011","5,95E+011","23,646519171","3,7622559757",98,"43,2992190704",,"31,1158222263","3,9088090988","43,9554586816","75,143902439",,"48,8057527172","72,1673274454","1,9372635642","108,5733682821","6,8","109,3715505187",,"-0,0543050208","3,81E+007","0,1","96,3514025777","99,253893809","1406,0653883364","32,5076195517",,"64,5670128142",312690,31,"25,5587904945","1,05E+010"
"Portugal","20998,4193301836","PRT","16,489","2,6539332821",,"-2,5759280297",,"32,9368300174",,"1,3","5,53E+009","2,23E+011","1,7510412004",18960,21790,"2,01E+011","2,31E+011","22,1796909609","8,5830236637",95,"40,1009240207",,"24,4607487482","2,9825783413","40,0554186873","78,2970731707",,"59,372823709","58,2917393455","1,959987982","126,795873245","3,8",,,"0,226408471","1,06E+007","0,5",,"100,5192945777","3582,0889894597","39,3943637136",,"72,8853179697",92120,7,,"3,94E+009"
"Puerto Rico",0,"PRI","53,75",,,,,,,"1,7604",,,,,,,,,,,,,,,"25,3732403658","78,4258536585",,,,,,,,,"0,3676227072",3941160,,,,"1801,5000659704",,,,8950,7,,
"Qatar",0,"QAT","15,941",,,,,,,"2,43",,,,,,,,,,92,,,,,"30,8557051847","75,8353658537",,,,,"111,1481399108","14,9","186,0565233185",,"12,8272648314",1137553,,"103,7415273385","98,6130899384","44,8330759094",,,,11000,6,,
"Romania","7703,0339836135","ROM","31,231","8,9702493994",,"-2,3571153941",,"31,3361502347","8,54E+010","1,29","9,49E+009","1,66E+011",6,6390,12350,"1,38E+011","2,66E+011","29,6","3,6672198013",97,"43,7056832221",,"36,0789791976","10,8250951612","23,8786064224","72,57",,"27,0672748846","66,945047422","1,5710402767","94,7562089404","14,9",,,"-0,1891431466","2,15E+007","0,1","120,3444588959","99,2498873326","1963,1618936075","25,8152341955",,"54,9507714031",238390,14,"19,0593579112","8,54E+009"
"Russian Federation","9078,6919598393","RUS","25,061","4,7609129996",,"6,2348048043",,"30,4880045108","3,70E+011","1,41","5,51E+010","1,29E+012","8,1",7530,14330,"1,07E+012","2,04E+012","24,560892947","6,8707736451",99,"21,7861971541",,"38,4678381565","13,5262675784","21,1118930331","67,5829268293",,"116,5050556061","44,7947450542","3,4679908086","114,9190710767","14,5",,,"-0,2810964606","1,42E+008","1,1","93,3821154187","98,4051342827","30349,7536945813","31,5753893911",,"56,7712488439","1,71E+007",30,"9,1361605605","4,71E+009"
"Rwanda","360,8651857932","RWA","36,707","38,9316096873",,,,"9,7377600052","4,96E+008","5,43","6,71E+007","3,41E+009","7,9444532073",330,920,"3,14E+009","8,70E+009","20,7044656345","16,3268352728",99,"27,6747077428",,"13,9369014989","10,5481912729","2,1153871783","49,8114634146",,,"26,7897514535","1,6290443311","6,7178033312","180,6","127,2323008605","7,13E+008","2,620489027",9454534,"2,8",,"100,2331803034","1004,8089096723",,,"47,1314888139",26340,16,"3,2382887506","5,13E+007"
"Samoa","3002,8730311915","WSM","27,583","10,976593177",,,,,"1,14E+009","3,929",2490000,"5,44E+008","6,3920809993",2750,4440,"4,99E+008","8,04E+008",,,63,,,"31,4354011866","7,1299584191","4,6885548279","71,6180487805",,,"44,5611097765",,"47,4371429644","27,0348","80,2394456854","3,69E+007","0,5386587568","181292,537083156",,"98,3166960266",,,,,"57,5880056364",2840,35,"26,9158517021","1,20E+008"
"San Marino","55680,5134495294","SMR",,,,,,,,,,"1,70E+009","4,4759425428",46770,,"1,43E+009",,,,92,,,,"1,6827275818","51,013734467",,,,,,"57,2269457162","3,5",,,"1,3034217839",30580,,,,,,,,60,,,
"Sao Tome and Principe","917,1365016381","STP","66,117",,,,,,"1,69E+008","3,853","3,53E+007","1,45E+008",6,920,1710,"1,45E+008","2,70E+008",,,86,,,,"19,3886251608","14,5557729518","65,4334146341",,,"59,2679973191",,"19,0484439164","98,7",,"3,60E+007","1,8439030625","158012,907154674",,"72,1365360303","101,2658349123","13796,3413195484",,,,960,144,"39,16693678",2000000
"Saudi Arabia","15878,6218598269","SAU","26,143","2,7929661824",,,,"64,9879702271",,"3,352","-8,07E+009","3,84E+011","3,3809458408",15500,22950,"3,74E+011","5,54E+011","21,682596233","0,6106048718",96,"37,8688486961",,"65,6293494463","4,1243741442","26,1617221806","73,0117073171",,"134,2879595822","84,7703252102","9,2455708247","117,4835185455","24,8","236,5158083275","-1,31E+008","2,0009834718","2,42E+007",,"93,3592779354",,"99,3483120782",,,"31,5776843713",2000000,15,,
"Senegal","950,0396594435","SEN","104,369","13,5760921044",,,,"25,4456991523","2,59E+009","5,04","7,80E+007","1,13E+010","4,6601843773",870,1720,"1,03E+010","2,05E+010","30,9","3,9501969099",84,"47,8535198197",,"24,1978733808","5,6083849283","6,8946178679","55,4131707317",,,"54,1880293392","1,7085893922","30,5280562601","113,6","97,3840382187","8,43E+008","2,6451480976","1,19E+007",1,"50,1261349627","93,5615288162","2169,2822072194",,,"62,2260345148",196720,58,,"1,19E+009"
"Serbia","5435,405530541","SRB","22,102","12,9581844124",,"-0,9417791555",,"29,4046948347","2,63E+010","1,4","3,11E+009","4,01E+010","7,5263948072",4540,9830,"3,35E+010","7,26E+010","23,1050583436",,95,"51,4604705223",,"28,4360157938","6,8","20,3208554701","73,3829268293",,"59,6523229042","68,2385850141","2,4217811838","114,5099442816","7,7",,"8,34E+008","-0,4054585418",7381579,"0,1",,"101,8863398903",,"38,9220602104",,"58,6057997939",88361,23,,"5,58E+009"
"Seychelles","10728,3360807597","SYC",,"2,3937877441",,"-6,0121951701",,"108,8012829812","1,31E+009",,"2,49E+008","9,12E+008","7,2648020341",11060,19190,"9,40E+008","1,63E+009","33,2018327224",0,99,"143,9347841211",,"22,6926143985","6,6825226312","37,6328911469","73,1926829268",,,"133,6603448303","1,6685751677","90,881080064","12,82","83,2775718901",2780000,"0,5093389619",85032,,"113,8628158845","105,5895499007",,"40,4155590749",,"74,9135978573",460,38,"11,2388195145","1,12E+007"
"Sierra Leone","306,8992360958","SLE","126,02","44,6904762424",,,,"20,9495953301","3,48E+008","5,22","9,45E+007","1,66E+009","6,8453016884",280,720,"1,54E+009","3,89E+009","13,4374494646",,67,"28,3315474293",,"24,437262059","10,3006520701","0,2398346985","47,373902439",,,"41,4727446652","1,7720488094","14,3162866209","261,8",,"5,35E+008","2,7987649502",5420400,"1,7","80,7547087134","86,4281908758","29518,1167441517",,,"30,8722616986",71740,26,"2,5340455308","1,48E+008"
"Singapore","36383,53996463","SGP","4,539","0,0769885155",,"12,0463731713",,"230,1662089495",,"1,29","2,41E+010","1,67E+011","7,7662457085",31890,46820,"1,46E+011","2,15E+011","20,7443235789","46,4730721536",95,"198,4926732138",,"30,512547852","5,5780590032","67,6655188947","80,4926829268",,"211,73382651","336,9001771902","3,9608761143","129,1047378285","2,7","84,4808025802",,"4,1652294521",4588600,"0,2",,,"130,7588371181","20,86355525",,"69,4104636325",699,5,,
"Slovak Republic","13890,5874388374","SVK","20,704","3,5479452383",,"-1,8325425401",,"86,4727671538",,"1,25","3,36E+009","7,50E+010","10,423169947",11720,19220,"6,33E+010","1,04E+011","27,8375587833","5,0152803206",99,"87,4981446809",,"40,4804518786","1,1144713796","42,8291792331","74,1926829268",,"9,298548339","158,3744281172","1,518312202","112,4273759671","7,8",,,"0,1095402746",5397318,"0,1","94,1599176845","100,2055026223","2334,4927980897","29,0979883753",,"55,9716028831",49030,25,,"1,48E+009"
"Slovenia","23379,0075374723","SVN","4,885","2,3663176629",,"0,1501020074",,"70,1649002593",,"1,37","1,48E+009","4,72E+010","6,7645540783",21510,26230,"4,34E+010","5,29E+010","31,447738457","5,3660180245",96,"71,4685602051",,"34,3816526419","4,1245019552","52,5637201319","77,7397560976",,"61,3869073743","130,9032930371","1,4446950579","95,5547781551","3,9",,,"0,5592078155",2018122,"0,1",,"99,2778537497","9251,1751023971","36,97179569",,"63,2520296952",20270,60,,"2,84E+008"
"Solomon Islands","1071,8251691282","SLB","41,787","33,4130761204",,,,"43,1469581702","1,78E+008","3,866","4,24E+007","5,31E+008","10,2440924435",1050,2420,"5,18E+008","1,20E+009","18,8541743605",,78,"67,4545141197",,"6,7136640114","6,0132664347","1,8168540979","63,5887804878",,,"85,5385796255",,"2,2004121852","70,3","97,4393367641","2,48E+008","2,3157915253","495361,736002551",,,,"90237,0868624576",,,"59,8732598682",28900,57,,"2,04E+007"
"Somalia",0,"SOM","70,144",,,,,,"2,94E+009","6,043","1,41E+008",,,,,,,,,34,,,,,"1,1269642859","48,1348780488",,,,,"6,8997813423","141,5",,"3,84E+008","2,923328142","8695927,74367936","0,5",,,"689,978134232",,,,637660,,,
"South Africa","5929,7654932369","ZAF","59,16","3,1963807621",,"1,6478580711",,"31,5662257652","4,34E+010","2,69","5,75E+009","2,84E+011","5,0977873702",5730,9460,"2,74E+011","4,53E+011","21,3429537299","5,7265760387",83,"34,6557376721",,"31,1677151164","8,9904561141","8,2882800043","50,4634146341",,"293,7681873088","55,7664719054","1,435606072","88,3999607111",59,"126,7052566604","7,94E+008","0,965288206","4,79E+007","18,1","84,4544937276","99,7732102138","936,2454467751","31,9284763137",,"65,6359041215",1219090,31,"5,9391302292","8,34E+008"
"Spain","32016,978286785","ESP","12,121","2,9062654457",,"2,6106636389",,"26,1965541678",,"1,38","6,01E+010","1,44E+012","3,8251608528",29290,30750,"1,31E+012","1,38E+012","31,3053889706","5,1805356025",97,"32,7358817657",,"30,2750333495","3,0801804559","51,3050741277","80,8673170732",,"125,2774669233","44,7534227798","1,1638827716","107,8957448755","4,3","104,7060168412",,"1,7136229041","4,49E+007","0,5",,"102,7560331078","2477,7766054884","27,8039297117",,"66,8187012048",505370,47,,"1,07E+010"
"Sri Lanka","1617,0431963042","LKA","29,769","11,6831643329","98,5","-6,5208255092",68,"29,114999687","1,40E+010","1,882","6,03E+008","3,24E+010","6,7976434887",1540,4200,"3,08E+010","8,40E+010","27,3059288767",,98,"39,4915119731",,"29,9198197775","14,0275701144","3,8566466767","72,4192682927",,"23,3432085166","58,8440516189","2,8502065561","39,8974962519","20,5","75,7930374726","5,89E+008","0,6216182038","2,00E+007",,"104,3276481805",,"2498,7506246877","15,7741049234",,"58,3970158896",65610,39,"6,6506619967","2,53E+009"
"St. Kitts and Nevis","10487,4591280444","KNA",,,,,,,"2,74E+008",,"1,43E+008","5,12E+008","3,6877059822",9860,13660,"4,81E+008","6,66E+008",,"41,4511919049",99,,,,"-0,3131231365","30,7441045635",,,"85,9376722851","60,715506957",,,18,"78,1424865706",2890000,"0,8166957566","48789,8418670903",,"95,8139534884","97,3562242798","491,9056730165",,,,260,45,"17,3332789661","3,73E+007"
"St. Lucia","5686,6770128053","LCA","61,645",,,,,,"4,41E+008",,"2,61E+008","9,55E+008","1,1174351209",5310,8910,"8,93E+008","1,50E+009",,,94,,,,"3,2330136225","41,672753069","74,3867102463",,,"76,2075039631",,,"18,1","101,8379241078","2,36E+007","1,1745794266","167975,463210133","0,55","115,9574468085","103,2667142018",,,,,620,20,"7,5582194223","3,11E+007"
"St. Vincent and the Grenadines","5091,4416090326","VCT","58,928",,,,,,"2,53E+008","2,132","9,16E+007","5,55E+008","7,6931994225",4890,8520,"5,33E+008","9,28E+008",,,99,,,,"3,5008362818","52,2911793037","71,582195122",,,"67,4350007541",,"101,3632402183","19,1","101,3074931406","6,56E+007","0,1220872479",109005,,,,,,,,390,12,"10,7103643253","3,05E+007"
"Sudan","1143,3412204936","SDN","56,824","28,320098877",,,,"20,0899124146","1,91E+010","4,228","2,43E+009","4,62E+010","10,1626024246",910,1790,"3,67E+010","7,25E+010","24,2478656769",,79,"23,8848743439",,"30,7089729309","7,0294418335","8,656446322","57,9524390244",,,"38,1895909841",,"20,325563505","108,6","180,6989051077","2,10E+009","2,2187963886","4,04E+007","1,4","49,973513785","87,589467405","741,9811133159",,,"40,9709281921",2505810,39,"3,2477932701","1,77E+009"
"Suriname","4752,2015826536","SUR","39,461",,,,,,,"2,415","-2,47E+008","2,43E+009","5,3920704846",4450,6950,"2,27E+009","3,55E+009",,,85,,,,"8,8675555975","8,6212639557","68,9419512195",,,"112,4257275011",,,"28,5","166,4813385838","1,51E+008","1,000944704",510366,"2,4","83,9985953412","113,5821985468","172425,279113421",,,,163270,694,,"1,40E+008"
"Swaziland","2513,0946615381","SWZ","83,854","7,340860591",69,,"50,6","79,859647343","3,93E+008","3,574","3,75E+007","2,89E+009","3,5106127966",2550,4880,"2,93E+009","5,62E+009","12,9712290143","0,0593310656",91,"81,2218305725",,"49,3826563307","8,9456031835","4,0993608645","45,783902439",,"7,0185260887","134,7813839638","2,1386816278","33,0033289937","90,9","86,5956777191","6,28E+007","1,2837840221",1151399,"26,1","74,6231989908","91,6504735957","2292,8628564034",,,"43,2764830784",17360,61,"1,9322512901","1,00E+008"
"Sweden","49661,7310615599","SWE","7,721","1,5024882243",,,,"52,4082497474",,"1,85","1,23E+010","4,54E+011","2,7289030906",47870,37490,"4,38E+011","3,43E+011","19,7268864528","15,676822185",96,"44,7804347762",,"28,7632185173","3,0821083345","79,7451862093","80,9156097561",,"134,8191412392","70,6125727367","1,4056903052","113,3679022904","3,2","89,3113487979",,"0,7415525146",9148092,"0,1","95,0196559994","99,3770654614","18692,4224198882",,,"69,7342932584",450290,15,,"7,75E+008"
"Switzerland","56206,9552279924","CHE","5,518",,,,,,,"1,45","4,97E+010","4,24E+011","3,3",60820,44410,"4,59E+011","3,35E+011",,"21,604362328",86,,,,"1,4312977099","71,9643389067","81,7217073171",,"300,3334347435","78,5307139156","0,8087788553","108,7258315379","4,9","96,4223373828",,"0,8799172325",7550077,"0,6","87,561640905","97,1766107223","5350,938804995",,,,41280,20,,"2,03E+009"
"Syrian Arab Republic","1977,6054687535","SYR","61,101","18,1151043987",,,,"38,5137393926",,"3,285",,"4,05E+010","4,1999953761",1740,4200,"3,56E+010","8,62E+010","18,4575373869",,98,"37,7060452244",,"34,9533411086","13,7311846189","16,9235956232","74,1134146341",,,"64,615801127","4,0839506173","30,4072729128","16,9","134,4353632407","7,49E+007","3,5479151929","2,05E+007",,"114,3473346557","96,176903307","341,3981826009",,,"46,9315544927",185180,43,,"8,24E+008"
"Tajikistan","551,824456201","TJK","28,359","21,4250606906",,,"38,3","20,6592775818","1,23E+009","3,45","3,60E+008","3,71E+009","7,8",460,1700,"3,09E+009","1,15E+010",22,,85,"66,4311477966",,"27,5361441845","27,8554094653","7,197619518","66,6607317073",,,"105,674839785",,"34,9318909881","67,3",,"2,21E+008","1,5022544386",6727377,"0,3","94,7866412793","88,7709673317","9855,2526489893",,,"51,0387951249",142550,49,"2,3136985744","1,69E+009"
"Tanzania","407,6331970455","TZA","130,437",,,,,,"5,06E+009","5,579","6,47E+008","1,68E+010","7,1481014565",400,1130,"1,59E+010","4,68E+010",,"1,4925340004",90,,,,"8,9715946733","0,9690812448","55,3607317073",,,"44,6226045805","0,9642739831","20,1638115555","115,6","109,3712884391","2,81E+009","2,8480038827","4,13E+007","6,2","85,41029587",,"2035,0706141642",,,,947300,29,"2,5108621333","1,43E+007"
"Thailand","3532,6529449523","THA","37,28","11,8459243065",,"0,1373772003",,"76,0354492026","6,31E+010","1,81","9,50E+009","2,37E+011","4,9262435509",2660,6110,"1,78E+011","4,09E+011","27,8401712736","26,5583493821",96,"68,1129689583",,"45,5181855736","3,4496627144","20,0300513476","68,7624390244",,"82,8545700822","123,434114514","1,3534099343","118,0449636731",7,"96,1298501729","-3,12E+008","0,7083998103","6,70E+007","1,4","101,0994738437","104,4935811576","3135,2942628191","20,2963357821",,"42,6358901199",513120,33,"8,1041491414","1,64E+009"
"Timor-Leste","373,6044153873","TMP","53,766",,,,"19,8",,,"6,525",,"3,98E+008","7,7702702703",1520,3110,"1,62E+009","3,31E+009",,,63,,,,"12,8790170929",,"60,8236585366",,,,,,"96,8",,"2,78E+008","3,3667911467",1064141,,"69,3096119567",,,,,,14870,82,,
"Togo","396,6265273455","TGO","64,781",,,"-0,8310489984",,"41,9429885864","1,97E+009","4,304","6,90E+007","2,50E+009","1,9",370,810,"2,36E+009","5,10E+009",,"0,0579975204",80,"62,4515183485",,,"1,3424936192","5,4170346933","62,382195122",,,"84,0355150084",,"18,8932298177","100,3","85,5372913","1,21E+008","2,5005894983",6300495,"3,3","57,3803979743","75,2215494217","1825,2534126287","16,9738576287",,,56790,53,,"2,29E+008"
"Tonga","2453,1804862903","TON","22,75","27,5199078211",,,,,"9,05E+007","4,048","2,74E+007","2,53E+008","-0,2767829652",2460,3850,"2,54E+008","3,97E+008",,,99,,,"12,570122889","6,0340755269","8,1501174005","71,806097561",,,"59,7493666931","1,4962060912","45,140977626","23,0518",,"3,05E+007","0,5555542818",103066,,,,,,,"59,90996929",750,32,"2,7871342258","9,95E+007"
"Trinidad and Tobago","15661,6893616814","TTO","34,597","0,3689034528",,,,"57,5936231217",,"1,635",,"2,09E+010","5,5",14480,22420,"1,93E+010","2,99E+010","13,3718553864","1,5801179053",91,"37,0928162477",,"59,0879357799","3,8747955956","15,963393833","69,742195122",,"74,7467662366","100,8682044707",,"113,2590789903","35,3","132,2147139723","1,84E+007","0,3470149517","1333049,86537085","1,5","93,0624583696","101,3257069377","2880,6124210003",,,"40,5431607673",5130,43,,"1,09E+008"
"Tunisia","3424,7957364196","TUN","6,882","10,3460728258",,"-2,1573544655",,"54,1340377392","2,02E+010","2,03","1,62E+009","3,50E+010","6,3325170358",3210,7140,"3,28E+010","7,30E+010","24,8051180883","5,3372253404",98,"56,5368196966",,"29,6354253742","2,3736113885","16,8422751188","74,3024390244",,"15,2915314809","97,1129753636","1,3397086524","76,6974299294","21,2","91,4746890201","3,10E+008","0,9561081997","1,02E+007","0,1","99,8629227907",,"410,2528996421","29,9782659578",,"60,0185018",163610,11,"11,3173329087","1,72E+009"
"Turkey","8984,21727608","TUR","38,784","8,6739664957",,"1,3931859717",,"22,0497615123","2,51E+011","2,131","2,22E+010","6,56E+011","4,6206880583",8120,12970,"5,93E+011","9,47E+011","21,6291610442","0,3774335904",96,"27,1471702464",,"28,3086264909","7,5876006769","28,9581179791","71,7704878049",,"43,6926612886","42,2842381764","2,1101494128","84,89402241",23,"94,7061869802","7,97E+008","1,2624021768","7,30E+007",,"97,2707195395","89,5422660613","3109,4299064366","25,5208791606",,"63,0174070133",783560,6,"32,1353183753","1,21E+009"
"Turkmenistan","2604,3937269097","TKM","19,542",,,,,"62,7027303754","7,43E+008","2,499","8,04E+008","1,29E+010","11,6",2230,5650,"1,11E+010","2,80E+010",,,99,"47,8617883959",,,"9,7328958998","1,4103429056","63,1712195122",,,"88,4232081911",,"7,003359914",50,,"2,85E+007","1,2953100237","4963331,94734482","0,1",,,"274,0094787993",,,,488100,,,
"Uganda","388,1634613016","UGA","149,954","24,0382693769",,,,"16,7350629377","1,61E+009","6,381","4,84E+008","1,19E+010","8,5881089212",370,1050,"1,14E+010","3,23E+010","22,1020048985","10,5716310861",68,"30,5920639234",,"25,9195408805","7,276104291","3,6719653507","52,366097561",,,"43,5512161838","2,2580829426","13,6932581802","130,4","104,1668598232","1,73E+009","3,2705578975","3,06E+007","5,4",,"98,4856745363","1272,9479882591",,,"50,0421897425",241040,28,"2,1330241893","4,52E+008"
"Ukraine","3068,608997997","UKR","28,335","7,4604832598","98,7","-0,5552140813","66,7","44,8440541617","7,36E+010","1,2","9,89E+009","1,43E+011","7,9000007678",2570,6830,"1,19E+011","3,18E+011","26,6536336026","3,625727477",98,"50,3626179532",,"36,7341440705","22,752607649","21,5010530141","68,2170731707",,"78,3054689614","77,0143375268","2,8700028166","118,7726768919","24,2",,"4,05E+008","-0,5968048875","4,65E+007","1,6","101,3461376884","99,6330666195","1141,7059150472","34,3199890112",,"55,8053726697",603550,27,"16,9208794979","4,50E+009"
"United Arab Emirates",0,"ARE","16,021",,,,,,,"2,305",,,,,,,,,,92,,,,,"51,7790693306","79,2526829268",,,,,"177,1353364509","7,9","154,0085503723",,"2,6999730133","4364746,27531142",,"104,860670054","101,2512360931","34,3662587785",,,,83600,18,,
"United Kingdom","45442,1148832343","GBR","24,12","0,9394541523",,"-2,6864082991",,"25,9441820363",,"1,9","1,98E+011","2,77E+012","3,0247339295",43430,35540,"2,65E+012","2,17E+012","18,7460058072","19,4970786713",86,"29,4969104355",,"23,0813998792","3,0869012164","71,7257018989","79,326097561",,"139,1942187568","38,3297820064","2,3823983282","120,0369808264","5,8","104,4786203086",,"0,6520083146","6,10E+007","0,2",,"101,5896229612","2376,9969253627","38,0985873285",,"75,9791459685",243610,13,,"8,23E+009"
"United States","45641,7253965618","USA","35,882",,,"-2,1270568589",,,,"2,1","2,38E+011","1,38E+013",2,46090,45890,"1,39E+013","1,38E+013",,"28,4072204268",93,,,,"2,6563838903","73,5915669289","77,9853658537",,"145,0564337283","23,1458837235","4,0502144109","87,2913140164","7,6","96,5617634826",,"0,976239007","3,01E+008","0,6","96,3445105977","100,2968086443","9293,3718344452","19,5732862953",,,9632030,6,,"2,97E+009"
"Uruguay","7296,7785325822","URY","61,1","10,0031230145",,"-1,4822136765",,"27,9858493648","1,24E+010","2,02","8,79E+008","2,43E+010","7,5816527122",6620,11300,"2,20E+010","3,76E+010","20,9583272992","3,0783626113",96,"28,9149777426",,"27,4111431507","9,7772249314","29,1223638695","75,8551219512",,"0,6555672143","41,8162206086","1,1966389847","90,3853177557",14,"88,7573964497","3,38E+007","0,2844072722",3323906,"0,6","103,6660752638","97,9222891649","17750,2011188042","25,585741653",,"62,5857338348",176220,44,"19,0827969865","9,65E+007"
"Uzbekistan","830,4138756386","UZB","12,881","23,9512130412",,,,"40,2999240167","3,88E+009","2,39","2,62E+008","2,23E+010","9,5",730,2430,"1,97E+010","6,53E+010","19,4384533523",,99,"30,192645165",,"32,0085335574","24,0132963898","7,5406248372","67,1368292683",,,"57,7149058531",,"21,9153596498","40,8",,"1,66E+008","1,431980326","2,69E+007","0,1","97,4609479933","97,9388781809","608,1629310922",,,"44,0402534015",447400,15,,
"Vanuatu","2246,277199889","VUT","47,04","14,3901500577",,,,"42,3220469411","9,41E+007","3,744","3,42E+007","5,07E+008","6,8253885741",1970,3530,"4,45E+008","7,98E+008",,,65,"49,4420931127",,"8,8168526356","5,9067249295","7,525529905","70,1329268293",,,"45,6682067956",,"11,5096339724","34,1248",,"5,67E+007","2,2951807847","225897,71370948",,,,,,,"76,7929973067",12190,39,"1,4854251812",5543000
"Venezuela, RB","8298,6136613461","VEN","89,9",,,,,"31,0270708191","4,31E+010","2,58","6,46E+008","2,28E+011","8,4002928927",7550,12290,"2,08E+011","3,38E+011","27,9645819866",,55,"24,6963968481",,,"14,0309710712","20,8117490813","73,5624390244",,,"50,5376402313","1,3023109376","86,6722410217","19,3","161,6138460517","7,12E+007","1,6583276167","2,75E+007",,"97,7425167867","102,5779111714","26287,1957209912",,,,912050,141,"7,4348374204","1,36E+008"
"Vietnam","806,0939146283","VNM","16,64","20,2958877287",,,,"76,7885910587","2,42E+010","2,136","6,70E+009","6,86E+010","8,4796167129",770,2530,"6,54E+010","2,15E+011","41,6471811995",,83,"90,2224184123",,"41,6060978221","8,2445476853","20,9876354737","74,2226829268",,"28,4687785284","162,0766115677","2,0655323575","27,8671080584","14,9","91,9881643109","2,50E+009","1,2027905373","8,52E+007","0,5",,,"4303,921441984",,,"38,1241504701",329310,50,"2,2553552187","5,50E+009"
"Virgin Islands (U.S.)",0,"VIR","30,559",,,,,,,"1,88",,,,,,,,,,,,,,,"27,3171797744","78,7943902439",,,,,,,,,"0,0519161157",109821,,,,,,,,350,,,
"West Bank and Gaza",0,"WBG","78,738",,,,,,,"4,6",,,,,,,,,,,,,,,"9,5871190407","73,3514634146",,,,,"27,6657464752","27,3",,"1,87E+009","3,4428818587","3708069,11326357",,"82,7930639533","104,1382275589",,,,,6020,92,,"5,98E+008"
"Yemen, Rep.","967,6217254521","YEM","68,052",,,,,,"5,93E+009","5,501","9,17E+008","2,17E+010","3,3000000001",950,2440,"2,12E+010","5,45E+010",,"1,4417661101",74,,,,"10,938918742","1,4296495346","62,6853658537",,,"72,23531411","4,8503132977",,"72,5","154,7579249179","2,25E+008","2,950937491","2,24E+007",,,,"93,8207507083",,,,527970,63,"2,6966857994","1,32E+009"
"Zambia","926,5969955968","ZMB","141,798","21,6092214517","46,5","-0,8380454716","40,8","42,0823549813","2,79E+009","5,874","9,84E+008","1,14E+010","6,2000254218",740,1130,"9,12E+009","1,39E+010","24,0013181808","1,5201755799",85,"35,6495983797",,"38,1779727727","11,7998719972","4,8725257923","45,0826829268",,"20,5597924855","75,28224873","1,305042808","21,4312037526","169,8","193,2060041263","1,04E+009","2,4203366254","1,23E+007","15,2","88,0866719317","95,5612926721","6512,9428090534","17,597624419",,"40,2128057755",752610,33,"2,4774189807","5,93E+007"
"Zimbabwe",0,"ZWE","64,63",,,,,,"5,29E+009","3,471","6,89E+007",,,,,,,,"3,0935923386",66,,,,,"10,8520863839","43,8341463415",,,,,"9,845228042",90,"94,0385599814","4,65E+008","-0,0813615567","1,24E+007","15,3",,,"984,8007332829",,,,390760,96,,
